:020000040800F2
:100000000000022009230008A51D0008A91D000802
:10001000AD1D0008B11D0008B51D0008000000005E
:1000200000000000000000000000000051A80008CF
:10003000B91D000800000000E1A80008758D000847
:1000400059230008592300085923000859230008A0
:100050005923000859230008592300085923000890
:10006000592300085923000859230008BD1D000822
:10007000C91D0008D51D0008592300085923000890
:10008000E11D000859230008592300080000000062
:10009000000000000000000000000000ED1D00084E
:1000A00059230008F51D00085923000859230008AA
:1000B000592300085923000859230008011E00088D
:1000C0000D1E000859230008592300085923000871
:1000D0005923000859230008592300080000000094
:1000E0005923000859230008592300080000000084
:1000F000000000000000000000000000592300087C
:100100000000000059230008592300085923000863
:1001100000000000000000000000000000000000DF
:1001200059230008592300085923000859230008BF
:10013000592300080000000000000000000000003B
:10014000000000000000000000000000191E000870
:10015000592300085923000859230008592300088F
:10016000251E0008311E00080000000000000000ED
:10017000000000000000000000000000000000007F
:1001800000000000592300080000000000000000EB
:0801900059230008592300085F
:1001A00010B5054C237833B9044B13B10448AFF3B1
:1001B00000800123237010BD98040020000000007F
:1001C00074B6000808B5034B1BB103490348AFF3ED
:1001D000008008BD000000009C04002074B60008E8
:1001E00001F0FF01102A2BDB10F0070F08D010F8E8
:1001F000013B013A8B422DD010F0070F42B3F6D1EC
:10020000F0B441EA012141EA014122F007047FF004
:1002100000070023F0E80256083C85EA010586EA5B
:10022000010685FA47F5A3FA87F586FA47F6A5FA97
:1002300087F68EB9EED1F0BC01F0FF0102F00702A3
:1002400032B110F8013B013A83EA010313B1F8D14E
:100250000020704701387047002D06BF354603382F
:10026000073815F0010F07D1013015F4807F02BF68
:10027000013015F4C03F0130F0BC0138704700BFB9
:1002800053B94AB9002908BF00281CBF4FF0FF31FD
:100290004FF0FF3000F074B9ADF1080C6DE904CEF9
:1002A00000F006F8DDF804E0DDE9022304B0704751
:1002B0002DE9F047089D04468E46002B4DD18A4219
:1002C000944669D9B2FA82F252B101FA02F3C2F14C
:1002D000200120FA01F10CFA02FC41EA030E9440DD
:1002E0004FEA1C48210CBEFBF8F61FFA8CF708FBFE
:1002F00016E341EA034306FB07F199420AD91CEBD6
:10030000030306F1FF3080F01F81994240F21C8107
:10031000023E63445B1AA4B2B3FBF8F008FB10334F
:1003200044EA034400FB07F7A7420AD91CEB040484
:1003300000F1FF3380F00A81A74240F20781644454
:10034000023840EA0640E41B00261DB1D4400023D9
:10035000C5E900433146BDE8F0878B4209D9002D3D
:1003600000F0EF800026C5E9000130463146BDE8C7
:10037000F087B3FA83F6002E4AD18B4202D3824231
:1003800000F2F980841A61EB030301209E46002DE0
:10039000E0D0C5E9004EDDE702B9FFDEB2FA82F235
:1003A000002A40F09280A1EB0C014FEA1C471FFA93
:1003B0008CFE0126200CB1FBF7F307FB131140EA7A
:1003C00001410EFB03F0884208D91CEB010103F147
:1003D000FF3802D2884200F2CB804346091AA4B209
:1003E000B1FBF7F007FB101144EA01440EFB00FEDD
:1003F000A64508D91CEB040400F1FF3102D2A64542
:1004000000F2BB800846A4EB0E0440EA03409CE7E0
:10041000C6F12007B34022FA07FC4CEA030C20FA8D
:1004200007F401FA06F31C43F9404FEA1C4900FAAD
:1004300006F3B1FBF9F8200C1FFA8CFE09FB18112A
:1004400040EA014108FB0EF0884202FA06F20BD99D
:100450001CEB010108F1FF3A80F08880884240F2ED
:100460008580A8F102086144091AA4B2B1FBF9F031
:1004700009FB101144EA014100FB0EFE8E4508D92C
:100480001CEB010100F1FF346CD28E456AD90238B1
:10049000614440EA0840A0FB0294A1EB0E01A14296
:1004A000C846A64656D353D05DB1B3EB080261EB04
:1004B0000E0101FA07F722FA06F3F1401F43C5E9DE
:1004C000007100263146BDE8F087C2F12003D84014
:1004D0000CFA02FC21FA03F3914001434FEA1C4756
:1004E0001FFA8CFEB3FBF7F007FB10360B0C43EA48
:1004F000064300FB0EF69E4204FA02F408D91CEBF8
:10050000030300F1FF382FD29E422DD902386344F5
:100510009B1B89B2B3FBF7F607FB163341EA034195
:1005200006FB0EF38B4208D91CEB010106F1FF38E4
:1005300016D28B4214D9023E6144C91A46EA0046DB
:1005400038E72E46284605E70646E3E61846F8E66D
:100550004B45A9D2B9EB020864EB0C0E0138A3E7B6
:100560004646EAE7204694E74046D1E7D0467BE797
:10057000023B614432E7304609E76444023842E70F
:10058000704700BF0000000000B53B483B490160D8
:100590004FF4803141603A490023012285B0C0E91F
:1005A0000A130621CDE90033CDE9023383600261ED
:1005B000037680F820204262C360C16180F8303049
:1005C000426101F009FF00283BD19FED297B012307
:1005D0002948029369468DED007B02F08DF80028D2
:1005E00043D10622022324486946CDE9002302F0C4
:1005F00083F8B8BB072203231F486946CDE90023CF
:1006000002F07AF858BB082204231B486946CDE95A
:10061000002302F071F8F8B909220523164869464B
:10062000CDE9002302F068F898B9042206231248A5
:100630006946CDE9002302F05FF828B905B05DF8FE
:1006400004FB01F039FBC0E701F036FB05B05DF8B3
:1006500004FB01F031FBE8E701F02EFBDCE701F0E1
:100660002BFBD0E701F028FBC4E701F025FBB8E73E
:1006700005000000010000001C1D002000200140BA
:100680000100000F10B5204B02688AB000249A4286
:10069000CDE90444CDE90644089401D00AB010BD68
:1006A00003F58C3301945A6C184842F480725A64F2
:1006B0005A6C02F480720192019A02941A6B42F011
:1006C00001021A631A6B02F001020292029A039469
:1006D0001A6B42F002021A631B6B03F002030393CE
:1006E00004A9F0220323CDE90423039B02F0FEFAC0
:1006F000032203230648069404A9CDE9042302F04B
:10070000F5FA0AB010BD00BF002001400000024011
:10071000000402402DE9F04F1B4C1C4F1C4EDFF82B
:1007200078B085B004F1100825464FF0640A4FF008
:10073000010915F8012F0096CDE9019A01236E21D8
:10074000584602F0DDFF08B933783B70454507F1A4
:100750000107EED10F4DDFF844904FF0640A0127F6
:10076000CDE9017A14F8012F009601236E21484645
:1007700002F0C6FF08B933782B70444505F1010536
:10078000EED105B0BDE8F08F4B010020641D0020C4
:10079000841D0020741D0020F01F00204420002034
:1007A000F0B587B0012305AA64258DE82C00324EF0
:1007B00000228DF81420032286F87A206E217A22F6
:1007C000044602F09DFF9DF81430032B4DD0802786
:1007D000CDE901750096012300226E21204602F02A
:1007E0009BFE0028F4D1254F64260225CDE9015651
:1007F000009701237E226E21204602F08DFE002804
:10080000F4D18DF815500DF1150764260125CDE9B9
:1008100001560097012386226E21204602F07CFEBD
:100820000028F4D1DC2008F02BFB0DF11603022286
:1008300000938DF81620CDE90156012388226E2100
:10084000204602F05DFF80B19DF816307BB90DF1B6
:100850001703FF270093CDE90156012386226E215D
:1008600020468DF8177002F057FE07B0F0BD204605
:10087000FFF796FF07B0F0BDCC000020C8000020B5
:1008800030B583B000232A4A0093116B29482A4DC2
:1008900041F480011163116B01F480010091009912
:1008A0000193116B436041F400111163126B4361BA
:1008B00002F40012019280224FF4007482604FF41F
:1008C0008062C0E903420199056004210322C0E966
:1008D0000633C0E90831C0E90A23036302F028F8AF
:1008E00010BB002205210B2001F0D6FF0B2002F0E7
:1008F00011F8002205210C2001F0CEFF0C2002F09F
:1009000009F8002205210D2001F0C6FF0D2002F09C
:1009100001F810200022052101F0BEFF102003B0D5
:10092000BDE8304001F0F6BF01F0C6F9D9E700BFDD
:1009300000380240881D0020106402402DE9F04F6D
:100940001420A1B008F09CFAA448A54CDFF8C0928E
:10095000A44DDFF8C082FFF723FFA348FFF720FF75
:10096000DFF8B4E20023CDE90333CDE90533CDE967
:100970000733CDE909339A46BEE80F000DF12C0C80
:10098000ACE80F00BEE80F00ACE80F009EE80300E3
:100990004CF8040B661CFE27ACF80010112008F080
:1009A0006FFAFFF7B7FE9149009103AA8B460846FC
:1009B000012307E00133DBB2212B02F1010200F138
:1009C000010031D003F1FF3CBCF1010F04D9A3F1C8
:1009D000150CBCF1010FEDD8117890F800C001BBE7
:1009E000BCF1000F1DD090F802E0BEF1000FE1D184
:1009F00010F802ECBEF1000FDCD190F803E0BEF17C
:100A0000000FD7D190F801E0BEF1000FD2D110F85D
:100A100001ECBEF1000FCDD182F800C080F800E0FB
:100A2000C8E782F800C0C5E7714A0099104610F87F
:100A3000013F013BDBB2C62B16D883780A2B40F26C
:100A40008980C72B00F28680C378132B10F8023CF4
:100A500000F282800B3BDBB2BC2B00F2868010F8E8
:100A6000033C132B00F28180A042E0D1614B9446FD
:100A700006E081F801E00231B14203F1020318D02F
:100A800013F8010C0028F6D04A78002AF3D09042DF
:100A9000A2F13C0EEDD824BF3C3A4A70A0F13C00D4
:100AA00001F1020138BF03F8010CB14203F1020366
:100AB000E6D1624620204FF0000C03E082F800C02F
:100AC000A2420FD012F8013F3F2BF7D9A3F140010A
:100AD000C02B4FEA4101A0F102034BD9A24217708B
:100AE000D8B2EFD199F800C0434B6044C0B20DF1C9
:100AF0002E011A4612F801EF1BF80EE001F801EF83
:100B00009542F7D14042C0B298F80010FF2804BFC8
:100B10004FF0FE0AFD2000293DD12A2237480193DB
:100B200000910AF02BF9DDE900133548354A13F836
:100B300001CF1BF80CC0BCF1800F20D912F801CBFB
:100B400000F801CF9D42F2D12C492F482A2207F00C
:100B500029FB23E710F8023C0A2B85D9C72B83D841
:100B600010F8033C132B3FF67FAFA04207707FF4D1
:100B70005EAF7BE7C9B208441170C0B2A0E79D42E6
:100B800000F8011F02F10102D1D11C491E482A229E
:100B900007F008FB02E71D4B1B78002B3FF4FEAE6D
:100BA0008DF84FC08DF850008DF851A00DF12C0E2E
:100BB000BEE80F000DF1540CACE80F00BEE80F00CA
:100BC000ACE80F009EE803004CF8040B2622ACF8BA
:100BD0000010002015A906F041FDDFE6F01F0020FF
:100BE000831D0020D3B7000844200020641D00208E
:100BF000631D0020651D0020B3B70008FC1D002008
:100C0000FD1D0020640100204827002098200020BE
:100C1000E81D00202C1F00208CB600082DE9884814
:100C2000424C434D434FDFF81C91434EDFF818818F
:100C3000DFF818B1DFF818A1052008F021F92268C3
:100C4000002AF9D02B78FF2B11D03978FF2200230E
:100C50003270236019B1022388F80030ECE799F86C
:100C60000030002BE8D0012388F80030E4E76B78EF
:100C7000102B55D8002BE8D0013B0F2BE5D801A154
:100C800051F823F0C50C0008150D0008C50C00082C
:100C9000F50C00084B0C0008E70C00084B0C000892
:100CA0004B0C00084B0C00084B0C00084B0C0008C8
:100CB0004B0C00084B0C00084B0C00084B0C0008B8
:100CC000DB0C000801234FF400510022504689F844
:100CD000003002F0FDF83978B8E718490422002006
:100CE00006F0BCFCB1E70121FF220023397032700D
:100CF0002360B0E70223124989F800300522002062
:100D000006F0ACFC4FF400510122504602F0E0F82E
:100D100039789BE7294658460AF022F8397895E752
:100D2000F02B92D100F0CAFF39788FE7281F0020FE
:100D3000281E0020E91D00208401002088010020D9
:100D40008C010020982000202C1F00200000002093
:100D500000080240000000002DE9F04F2DED028B4D
:100D6000C34EC44ADFF830B3782383B0C6F8243FBB
:100D7000C2F83C3906F007030193BF4B1B789FED87
:100D8000BA8B5A241E25002B40F06282BB4A137096
:100D9000BB4A1370BB4A1370019B002B40F0458384
:100DA000B94B5A205A21B94A83ED008B83ED028B4F
:100DB00083ED048B83ED068B83ED088B83ED0A8B2B
:100DC00083ED0C8B83ED0E8BC3E91001C3E9120197
:100DD000C3E91401C3E9160160339A42E3D1AC4A76
:100DE000AC491378CB5C802B00F205835378CB5C45
:100DF000802B00F200831E23A54AA649C6E9E833EA
:100E0000C6E9EA33C6E9EC33C6E9EE339378CB5C46
:100E1000802B00F2F882D378CB5C802B00F2F38237
:100E20001E239B4A9B49C6F86034C6F86434C6F852
:100E30006834C6F86C34C6F87034C6F87434C6F832
:100E40007834C6F87C341379CB5C802B00F2D982DD
:100E50005379CB5C802B00F2D4821E238C4A8D49BF
:100E6000C6F82035C6F82435C6F82835C6F82C351E
:100E7000C6F83035C6F83435C6F83835C6F83C35CE
:100E80009379CB5C802B00F2BA82D379CB5C802B38
:100E900000F2B5821E237E4A7E49C6F8E035C6F8C8
:100EA000E435C6F8E835C6F8EC35C6F8F035C6F8CE
:100EB000F435C6F8F835C6F8FC35137ACB5C802BD0
:100EC00000F29B82537ACB5C802B00F296821E2329
:100ED0006F4A7049C6F8A036C6F8A436C6F8A836D8
:100EE000C6F8AC36C6F8B036C6F8B436C6F8B8366A
:100EF000C6F8BC36937ACB5C802B00F29482D37A0E
:100F0000CB5C802B00F28F821E23614A6149C6F8B8
:100F10006037C6F86437C6F86837C6F86C37C6F865
:100F20007037C6F87437C6F87837C6F87C37137B45
:100F3000CB5C802B00F27582537BCB5C802B00F264
:100F400070821E23524A5349C6F82038C6F8243806
:100F5000C6F82838C6F82C38C6F83038C6F8343801
:100F6000C6F83838C6F83C38937BCB5C802B00F24F
:100F70005682D37BCB5C802B00F251821E23444AE5
:100F80004449C6F8E038C6F8E438C6F8E838C6F888
:100F9000EC38C6F8F038C6F8F438C6F8F838C6F8B1
:100FA000FC38137CCB5C802B00F23782537CCB5C0B
:100FB000802B00F232821E23354A3649C6F8A0390A
:100FC000C6F8A439C6F8A839C6F8AC39C6F8B0399D
:100FD000C6F8B439C6F8B839C6F8BC39937CCB5CCE
:100FE000802B00F21882D37CCB5C802B00F2138222
:100FF0001E23274A2749C6F8603AC6F8643AC6F85D
:10100000683AC6F86C3AC6F8703AC6F8743AC6F848
:10101000783AC6F87C3A137DCB5C802B00F2F981DC
:10102000537DCB5C802B00F2F4811E23184A1949B2
:10103000C6F8203BC6F8243BC6F8283BC6F82C3B34
:10104000C6F8303BC6F8343BC6F8383BC6F83C3BE4
:10105000937DCB5C802B00F2DA81D37DCB5C802B3F
:1010600000F2D5811E2319E01E0000001E000000C2
:10107000F40D0020B4040020840100202C1F002067
:1010800098200020E91D002074110020141D00206C
:10109000B4B70008641D0020B4B600085D4A5E497C
:1010A000C6F8E03BC6F8E43BC6F8E83BC6F8EC3BC4
:1010B000C6F8F03BC6F8F43BC6F8F83BC6F8FC3B74
:1010C000137ECB5C802B00F2A081537ECB5C802B07
:1010D00000F29B811E234F4A4F49C6F8A03CC6F838
:1010E000A43CC6F8A83CC6F8AC3CC6F8B03CC6F870
:1010F000B43CC6F8B83CC6F8BC3C937ECB5C802BB5
:1011000000F27581D37ECB5C802B00F270811E23B0
:10111000404A4149C6F8603DC6F8643DC6F8683D9E
:10112000C6F86C3DC6F8703DC6F8743DC6F8783D0B
:10113000C6F87C3D137FCB5C802B00F25681537F39
:10114000CB5C802B00F251811E23324A3249C6F813
:10115000203EC6F8243EC6F8283EC6F82C3EC6F807
:10116000303EC6F8343EC6F8383EC6F83C3E937F63
:10117000CB5C802B00F23D81D37FCB5C802B00F2D7
:1011800038811E23C6F8E03EC6F8E43EC6F8E83EC5
:10119000C6F8EC3EC6F8F03EC6F8F43EC6F8F83E97
:1011A000C6F8FC3E1D4B002218781D4B1CE0C3E91D
:1011B000E055C3E9E255C3E9E455C3E9E655C3E99F
:1011C000E855C3E9EA55C3E9EC55C3E9EE550132E8
:1011D000062AC3E9F044C3E9F244C3E9F444C3E98D
:1011E000F64403F160031DD040FA02F1C907DED5D1
:1011F000C3E9E044C3E9E244C3E9E444C3E9E644A3
:10120000C3E9E844C3E9EA44C3E9EC44C3E9EE4472
:10121000DDE700BFB4B70008641D0020E81D002012
:10122000B4040020904A914840F2CA33002104F0EF
:1012300025FF4FF414738E4A8C48082104F01EFFDA
:101240000A2007F01DFE8B4B1B78002B3FF49EAD50
:10125000884A013B1370884B1B78002B3FF49CADF0
:10126000DFF81CA2804B9AF806109AF805201BF8AC
:1012700001701BF8022017F0010F0CBF4FF01E0E7B
:101280004FF05A0E17F0020F14BF4FF05A0C4FF0E8
:101290001E0C17F0040F14BF4FF05A094FF01E092F
:1012A00017F0080F14BF5A201E2017F0100F14BF9C
:1012B0005A211E2117F0200F14BF4FF05A084FF08B
:1012C0001E0817F0400FC3E9E0EC14BF4FF05A0EB0
:1012D0004FF01E0EFF090CBF4FF01E0C4FF05A0CC2
:1012E00012F0010F0CBF1E275A2712F0020FC3E99C
:1012F000E29014BF5A201E2012F0040FC3F890137E
:1013000014BF5A211E2112F0080F00919AF8049080
:10131000C3F8A40314BF5A211E2112F0100FC3E911
:10132000E58E14BF4FF05A084FF01E0812F0200F40
:101330001BF80990C3F8B08314BF4FF05A0E4FF05A
:101340001E0E12F0400FC3E9E7C714BF5A271E272D
:10135000D2090CBF4FF01E0C4FF05A0C19F0010FC0
:101360000CBF1E225A2219F0020F14BF4FF05A0868
:101370004FF01E0819F0040FC3F8AC1318BF5A2021
:101380000099C3F8A81308BF1E2019F0080F14BF56
:101390005A211E2119F0100FC3E9EDE714BF4FF0D9
:1013A0005A0E4FF01E0E19F0200F14BF5A271E2799
:1013B00019F0400FC3E9EFC214BF5A221E22C3E93D
:1013C000F5725FEAD9122D4A08BFC3F8DC53C3E9AE
:1013D000F180C3E9F31E18BFC3F8DC4360339342C6
:1013E0000AF1030A7FF43FAFDCE65A23ADE65A2345
:1013F0008EE65A23C6E65A23FEE45A2368E55A23AA
:1014000049E55A232AE55A230BE55A2363E65A2372
:1014100044E65A230AE65A23EBE55A23CCE55A233D
:10142000ADE55A238EE55A236FE50F4B134AC3E906
:10143000E055C3E9E255C3E9E455C3E9E655C3E91C
:10144000E855C3E9EA55C3E9EC55C3E9EE55C3E9EC
:10145000F044C3E9F244C3E9F444C3E9F644603319
:101460009A42E3D1BBE400BFF40D0020A821002084
:10147000B4040020840100202C1F002094190020B7
:10148000000000202DE9F04F2DED028BC82093B015
:1014900007F0F6FC00230693CDE90333CDE90733CB
:1014A000CDE90933CDE90B33CDE90D33CDE90F3368
:1014B00005931193BF4DC04C4FF6FF734FF00A09CF
:1014C000ADF818300DF10C0A0DF1180809AF00261F
:1014D00006F001024FF40041284601F0F9FCC6F382
:1014E00040024FF48041284601F0F2FCC6F3870227
:1014F0004FF40051284601F0EBFCB04B1A68002372
:101500005362136843F001031360536A632BFCD9E1
:10151000116A41F21113194208D1116A40F2444391
:10152000194203D1136823F001031360204601F030
:1015300001F80121204601F081F8204601F0D8F899
:10154000B8F8003080B283423B8888BFA8F800001A
:101550000136834238BF3880062E2AF8020B07F185
:10156000020708F10208B3D10A2007F089FC09AB91
:101570000DF1300803AF06AE9A4601224FF4004148
:10158000284601F0A5FC01224FF48041284601F0D5
:101590009FFC01224FF40051284601F099FC874B33
:1015A0001A6800235362136843F001031360536AFF
:1015B000632BFCD9116A41F21113194208D1116A47
:1015C00040F24443194203D1136823F0010313602E
:1015D000204600F0AFFF0121204601F02FF8204601
:1015E00001F086F8338880B28342BAF8003088BFB1
:1015F0003080834238BFAAF800000AF1020AD045C1
:1016000027F8020B06F10206B7D10A2009F1FF39CB
:1016100007F036FC19F0FF097FF454AFDFF894812E
:101620009FED658A03AB0DF1300906AE09AD01935C
:10163000002404F001024FF40041404601F048FC50
:10164000C4F340024FF48041404601F041FCC4F332
:1016500087024FF40051404601F03AFC574B1A689C
:1016600000235362136843F001031360019B33F8B6
:1016700002BB0193536A632BFCD9116A41F2111327
:10168000194208D1116A40F24443194203D1136848
:1016900023F00103136018EE100A00F04BFF012144
:1016A00018EE100A00F0CAFF18EE100A01F020F838
:1016B000B6F800A02988019A414F83B2534522F819
:1016C000023C38BF3380D9F8002038BF9A4680B238
:1016D0008B4288BF1946A0EB0B0C88BF2B8062445D
:1016E000A1EB0A0387FB037B002A4FEAE373C3EBFA
:1016F0006B0EC9F80020C3EBAB0337DDBCF1320F32
:1017000002DCC9F800C062461FFA8EFE964533DA45
:101710002C4F9BB297F800C00122C91AA24042EA9E
:101720000C0288423A7031DC5344984209DA254968
:1017300001220B78A24023EA02030B700023C9F8B0
:1017400000300134062C09F1040905F1020506F107
:1017500002067FF46EAF1B4B1B491B78CB70C3F1A5
:10176000FB020A71052007F08BFB5BE702D0BCF19E
:10177000310FC6DC1FFA8EFE9BB2C91A884209DD02
:10178000104F01223978A2400A433A700022C9F86A
:101790000020C9E7CEF1000E9645C5DD094F0121B5
:1017A0003A785344A14022EA010298423A70C8DADA
:1017B000C4E700BF000402401C1D0020F0210020EF
:1017C00067666666E81D00205C01002010B5104ABF
:1017D0001048002107F008FB0F4B104A0446002177
:1017E0000F481C6007F000FB0E4B0F4A0446002117
:1017F0000E481C6007F0F8FA0D4B0E4A0446002113
:101800000D481C6007F0F0FA0C4B186010BD00BFCB
:1018100064B800083D090008F81D0020F8B700086A
:1018200085140008EC1D00201CB800081D0C0008E1
:10183000F01D002040B80008590D0008F41D0020DC
:10184000F0B500248BB0CDE90444CDE906443B4B10
:10185000009408941A6B3A4E3A4F3B4D42F0040202
:101860001A631A6B02F004020092009A01941A6B38
:1018700042F080021A631A6B02F080020192019A10
:1018800002941A6B42F001021A631A6B02F0010211
:101890000292029A03941A6B42F002021A631B6BC3
:1018A00003F002030393224630464FF46041039B4A
:1018B00001F00EFB224638460E2101F009FB2246BC
:1018C00028464FF4704101F003FB4FF460420123BE
:1018D000CDE90423304604A901220023CDE90623E3
:1018E000002601F003FA384604A90E22012300273E
:1018F000CDE90423CDE9066701F0F8F904A92846EB
:101900004FF470420123CDE90423CDE9066701F0CD
:10191000EDF980224FF40413CDE9042304A9012337
:101920002846069301F0E2F922460521172000F02F
:10193000B3FF172000F0EEFF0BB0F0BD00380240FF
:1019400000080240000002400004024010B50B48AD
:101950000B4C0C4900234FF48042C0E90041C0E920
:101960000233C0E90423C0E90633036201F00CFD31
:1019700000B910BDBDE8104000F09EB9F01F002076
:1019800000540040801A060010B50B480B4C0C495F
:1019900000234FF48042C0E90041C0E90233C0E9AE
:1019A0000423C0E90633036201F0EEFC00B910BD68
:1019B000BDE8104000F080B944200020005C0040E9
:1019C000801A06002DE9F0430368694A8DB00024AF
:1019D0009342CDE90644CDE9084405460A9405D072
:1019E000644A934254D00DB0BDE8F083624F019435
:1019F0003B6B6248624E43F002033B633B6B03F078
:101A000002030193019B4FF440721223CDE9062398
:101A10000423012206A90A930323CDE9082301F038
:101A200065F902943B6CB46043F400133B643B6C77
:101A3000544AF46003F4001302934FF00073C6E9B4
:101A400000234FF48073C6E906434FF480624FF4DD
:101A500040333046C6E90424C6E90834029900F050
:101A600067FF00287DD1AE63002205211F20B563EA
:101A700000F012FF1F2000F04DFF00220521202062
:101A800000F00AFF202000F045FF0DB0BDE8F08314
:101A9000394F03943B6B3C483C4E43F001033B639E
:101AA0003B6B03F001030393039B04943B6B43F0F4
:101AB00002033B633B6B03F0020304934FF4807219
:101AC000049B1223CDE9062306A904234FF0010845
:101AD0004FF003090A93CDE9088901F007F90923BA
:101AE000102226480A9306A91223CDE90623CDE940
:101AF000088901F0FBF805943B6CB46043F40003E3
:101B00003B643B6C224AF46003F4000305934FF0FE
:101B1000C063C6E900234FF48073C6E906434FF45F
:101B200080624FF440333046C6E90424C6E90834E5
:101B3000059900F0FDFEB8B900220521AE634820EA
:101B4000B56300F0A9FE482000F0E4FE0022052164
:101B5000492000F0A1FE492000F0DCFE0DB0BDE8F8
:101B6000F08300F0A9F87EE700F0A6F8E4E700BFF4
:101B700000540040005C0040003802400004024075
:101B8000301F00201060024000000240901F002023
:101B9000406002400000000010B5002394B0CDE981
:101BA0000A33CDE90C33CDE90233CDE904332649BC
:101BB00000930693086C254A40F080500864096C35
:101BC00001F08051009100990193136843F4404360
:101BD000136013689FED167B03F4404302210193C9
:101BE0004FF480001923CDE90E10C022109308A8ED
:101BF00004238DED087BCDE91121019C139303F0A3
:101C00000DFE08B172B6FEE79FED0B7B8DED027BFA
:101C10009FED0B7B0346032102A88DED047B069309
:101C200004F014F808B172B6FEE714B010BD00BF9E
:101C300001000000000001000F0000000200000091
:101C4000000000000010000000380240007000405A
:101C500008B500F083FBFFF79FFF114B1A6F22F0CE
:101C600001021A671A6F22F004021A67FFF7E8FDF3
:101C7000FEF706FEFFF76AFEFFF786FE00F0D8FAD1
:101C8000FEF782FC00F080FA00F006F905F026FC71
:101C900007F07EF8FFF79AFD07F08CF8FEE700BF2B
:101CA00000380240034B02689A4200D0704700F0AF
:101CB0006FBB00BF0000014072B6FEE7024925225B
:101CC000002005F0CBBC00BF9401002082B00E4B79
:101CD00000220092596C41F480415964586C00F420
:101CE0008040009000980192186C40F08050186479
:101CF0001B6C03F080530193019B0F216FF00100D7
:101D000002B000F0C9BD00BF0038024070B588B015
:101D100000251F4B02955A6C1E4C42F001025A647A
:101D20005B6C03F0010301A90293064603A8029B22
:101D300004F050F804F03EF8174A226003461748B2
:101D4000256140F2E732E260A0FB03239B0C013BDC
:101D50002046C4E90135A56104F060F8054610B1DC
:101D6000284608B070BD204604F0D6F80546002885
:101D7000F6D1192000F0CEFD0F2E01D90125EFE795
:101D80002A463146192000F087FD054B1E60E7E723
:101D9000003802409C2000200000014083DE1B43ED
:101DA000C4010020FEE700BFFEE700BFFEE700BF62
:101DB000FEE700BFFEE700BF704700BF014800F02C
:101DC000A1BE00BF301F0020014800F09BBE00BF35
:101DD00048210020014800F095BE00BF901F002060
:101DE000014800F08FBE00BFE8200020802001F0F5
:101DF00075B800BF014804F0D1BB00BF9C20002093
:101E0000014801F0CDBF00BFF01F0020014802F0E3
:101E10007DBC00BFF01F0020014802F0EDBD00BFF7
:101E200038220020014801F0BBBF00BF4420002041
:101E3000014802F06BBC00BF4420002010B50C4CE0
:101E40000C4B0D492268591A2AB11044884207D810
:101E50002060104610BD094A226010448842F7D91C
:101E600008F054FF0C234FF0FF320360104610BD02
:101E7000E42000200000022000040000A0790020DF
:101E8000034AD2F8883043F47003C2F888307047B0
:101E900000ED00E00000000010B54B4C4B4A226002
:101EA00094B05F220023626020464FF6FF72CDE9B6
:101EB0000433CDE90C33CDE90E33CDE91033C4E959
:101EC000023212932361A36104F05AF818BB002276
:101ED00000233D4804A9CDE9042304F04DFC00BBD8
:101EE0009FED357B002238480E920CA98DED0C7BBE
:101EF000109204F0D3F988B922680023B2F1804F20
:101F0000CDE90633CDE908330A930DD02F498A4233
:101F10003AD014B010BDFFF7CFFED8E7FFF7CCFEE4
:101F2000EAE7FFF7C9FEDBE702F50E320193116B1A
:101F3000274841F001011163116B01F0010101918A
:101F400001990293136B43F002031363136B03F0C5
:101F500002030293012406A901220223CDE90623EC
:101F60000A94029B00F0C2FE4FF480620223CDE986
:101F7000062318480A940022002306A9CDE9082365
:101F800000F0B4FE14B010BD134A0393136B114854
:101F900043F002031363136B9FED097B03F002030D
:101FA000039306A902238DED067B039A0A9300F0A2
:101FB0009DFE14B010BD00BF6000000000000000D6
:101FC0004000000002000000F02100200008004056
:101FD00000000240000402400038024070B503686F
:101FE000B3F1804F82B012D02F4A934201D002B099
:101FF00070BD2E4B002201921A6C42F004021A644A
:102000001B6C03F004030193019B02B070BD00231D
:10201000264A0093116C264D41F001011164126CA7
:102020002449EB6002F0010200924FF0C062C5E962
:10203000001240214FF480620446A96000982A6192
:102040004FF480514FF480422846C5E90512C5E996
:1020500007336B6200F06CFC00BB174E174925621A
:102060004FF0C0620023C6E9001240214FF48062A5
:10207000C6E90213E56232614FF480514FF48042A9
:102080003046C6E90512C6E90733AC63736200F057
:102090004FFC30B96662B46302B070BDFFF70CFE4E
:1020A000DBE7FFF709FEF5E70008004000380240D3
:1020B0004821002028600240E8200020886002407B
:1020C00010B502688AB00023B2F1804FCDE9043325
:1020D000CDE90633089304D027498A4231D00AB0AB
:1020E00010BD02F50E320193116B244841F001013D
:1020F0001163116B01F00101019101990293136BBE
:1021000043F002031363136B03F0020302930124F1
:1021100004A901220223CDE904230894029B00F0C4
:10212000E5FD4FF480620223CDE9042314480894AE
:102130000022002304A9CDE9062300F0D7FD0AB050
:1021400010BD104A0393136B0D4843F00203136351
:10215000136B9FED077B03F00203039304A9022393
:102160008DED047B039A089300F0C0FD0AB010BD0A
:102170004000000002000000000800400000024093
:10218000000402400038024000B527488BB04FF0F1
:102190008042002302607722CDE90033CDE902338B
:1021A000CDE90433CDE90633C0E90133C0E90323A7
:1021B0000893836103F0E4FE08BB002200231A4861
:1021C0006946CDE9002304F0D7FA30BB9FED147BBC
:1021D00000221548049202A98DED027B069204F0BC
:1021E0005DF8B8B9082210480DEB020104F056F86A
:1021F00040B90D48FFF764FF0BB05DF804FBFFF733
:102200005BFDDAE7FFF758FD0748FFF759FF0BB012
:102210005DF804FBFFF750FDE4E7FFF74DFDD5E760
:102220006000000000000000A82100200000000065
:102230009FED0F7B124810B580ED067B9FED0E7B66
:1022400000234FF0A0440421022280ED087BC0E966
:102250000041C0E90323C0E90B3302F01FFB00B9C2
:1022600010BDBDE81040FFF727BD00BFAFF30080F1
:10227000020000000000000000000000000000005C
:102280003822002030B5036889B00024B3F1A04F94
:10229000CDE90244CDE90444069401D009B030BD33
:1022A000174D00942B6B174843F001032B632B6BE6
:1022B00003F0010300934FF4C0520223CDE902233F
:1022C000032302A905930A23009A069300F00EFD4A
:1022D0006B6B43F080036B6301946B6C43F480433E
:1022E0006B646B6C03F48043224605210193432009
:1022F000019B00F0D1FA432000F00CFB09B030BD87
:102300000038024000000240DFF834D00D480E498A
:102310000E4A002302E0D458C4500433C4188C423F
:10232000F9D30B4A0B4C002301E013600432A242A4
:10233000FBD3FFF7A5FD08F0EFFCFFF789FC704722
:102340000000022000000020980400206CB9000862
:1023500098040020A0790020FEE7000008B50B4B90
:102360001A6842F400721A601A6842F480621A60B5
:102370001A6842F480721A60032000F07BFA0F2082
:10238000FFF7C4FCFFF7A2FC002008BD003C0240A0
:10239000034A044B11681B780B441360704700BF5D
:1023A00044270020C0010020014B1868704700BF7F
:1023B0004427002038B50446FFF7F6FF631C0546A6
:1023C00002D0044B1B781C44FFF7EEFF431BA342D3
:1023D000FAD338BDC0010020002800F09F8038B536
:1023E000056C04463DB1236CDB060CD5002384F854
:1023F0003C30012038BDFEF745F96564236C84F854
:102400003C50DB06F2D4236C484A23F4885323F073
:10241000020343F0020323645168236821F440312E
:10242000516051686068014351605A682569A0682D
:1024300022F480725A60596841EA0521596059684E
:1024400021F0407159605A6802435A609968E06807
:1024500021F4006199609A68A16A02439A60344A43
:10246000914252D09868E56A20F0706098609A684E
:1024700011439960996821F0405199609A682A4304
:102480009A609A6822F002029A609A68217E42EA73
:1024900041029A6094F82020002A41D05968626A6B
:1024A00041F400615960586820F460405860511E42
:1024B0005A6842EA41325A60DA6AE169656922F48F
:1024C0007002DA62DA6A013942EA0152DA62996824
:1024D00021F400719960996894F8302041EA422112
:1024E0009960996821F4806199609A68002042EAB5
:1024F00085229A606064236C23F0030343F0010398
:102500002364002384F83C3038BD9A6822F070625E
:102510009A609A6822F040529A60B2E701207047B0
:102520005A6822F400625A60C6E700BF00230140E7
:102530000100000F10B490F83C3083B00021012B53
:1025400001916DD00168012380F83C308B68024610
:10255000D80714D4354B364C1B688868A4FB03435A
:102560009B0C03EB430340F0010088600193019B47
:102570002BB1019B013B0193019B002BF9D1886892
:10258000136C10F001002ED023F4E06323F001035C
:1025900043F4807313644B685B0505D5136C23F417
:1025A000405343F480531364136C13F480531CBFE3
:1025B000536C23F00603536400201E4B82F83C004A
:1025C0006FF022040C605A6812F01F0216D188685E
:1025D00010F040501FD18B6843F080438B6003B0F4
:1025E0005DF8044B704743F010031364536C43F0E1
:1025F0000103536403B05DF8044B70470E4B9942DE
:10260000F8D18B6813F04053F4D18A6842F08042CD
:1026100018468A60EEE7104603B05DF8044B704739
:10262000022003B05DF8044B704700BFBC010020DE
:1026300083DE1B43002301400020014003689A68A9
:1026400070B50D465105044602D59B68DA0545D4A0
:10265000FFF7AAFE226806466B1C24D11368980770
:10266000FCD56FF012031360236C43F400732364F2
:10267000936813F0405F14D1207E90B9D36A13F4AD
:10268000700F02D093685A050BD4236C23F4807327
:102690002364236CDB0404D4236C43F00103236420
:1026A00070BD002070BD13689907DAD45DB9136856
:1026B00013F00203D0D1226C84F83C3042F00402C3
:1026C0002264032070BDFFF76FFE801BA8422268C2
:1026D000C2D9136813F00203BED1ECE7036C0022E9
:1026E00043F0200380F83C200364012070BD00BF4C
:1026F0000368D86C704700BF30B590F83C3083B0A9
:102700000022012B019200F09B80012380F83C30D5
:102710000C680368092C2DD81D698A6804EB440EE7
:102720004FF0070C0CFA0EFC25EA0C051D611D6923
:1027300002FA0EF22A431A614A68062AA4462FD8E2
:1027400002EB8202596B053A4FF01F0E0CFA02FCA5
:102750000EFA02F221EA02025A635A6B4CEA0202B2
:102760005A633F4A934230D0002380F83C301846E9
:1027700003B030BD1FFA84FC0CEB4C02DD68A2F103
:102780001E0E072202FA0EF225EA0202DA608A68B9
:10279000DD6802FA0EF22A43DA604A68062ACFD9C7
:1027A0000C2A02EB820232D8196B233A1F250CFA4D
:1027B00002FC05FA02F221EA02021A631A6B4CEAE1
:1027C00002021A63264A9342CED1122C2ED0254BF8
:1027D0009C4238D1244A254B5168254C21F4800174
:1027E0005160516841F4000151601B68A4FB032350
:1027F0009B0C03EB83035B000193019B002BB3D085
:10280000019B013B0193019B002BF9D1ACE7D96AF5
:10281000413A1F250CFA02FC05FA02F221EA0202F3
:10282000DA62DA6A4CEA0202DA629AE70E4B5A6816
:1028300022F400025A605A6842F480025A6093E718
:10284000022003B030BD112C8ED1074B5A6822F400
:1028500080025A605A6842F400025A6084E700BF5E
:10286000002001401200001000230140BC010020A4
:1028700083DE1B430749CA6803024FF6FF0003F4D7
:10288000E0630240134343F0BF6343F40033CB6083
:10289000704700BF00ED00E01C4BDB68C3F3022370
:1028A00000B5C3F1070EBEF1040F03F1040C28BFFD
:1028B0004FF0040EBCF1060F1BD9033B4FF0FF3C59
:1028C0000CFA03FC22EA0C024FF0FF3C0CFA0EFC5F
:1028D00021EA0C019940002841EA02010CDB00F1D9
:1028E0006040090100F56140C9B280F800135DF84D
:1028F00004FB00221346E7E7054B00F00F00090137
:102900000344C9B219765DF804FB00BF00ED00E096
:10291000FCEC00E0002808DB4109044A00F01F003D
:10292000012303FA00F042F82100704700E100E0C3
:1029300038B50446FFF738FD002C52D0236800223A
:10294000022184F8351084F834201A6822F001023C
:1029500005461A6005E0FFF727FD431B052B39D814
:1029600023681A68D107F6D4D4E90120E16802434C
:102970000A43D4E90451A0692A430A43E1691D6866
:1029800002430A4333492940256A2A430A43616ABC
:10299000042928D01A605A6922F007021143D8B2DC
:1029A0002D4A59611038A2FB005212092B4923F419
:1029B0007F73895CE16523F003035F2888BF0433DC
:1029C0003F228A40A36500209A600123606584F855
:1029D000353038BD03232022626584F8353018462F
:1029E00038BD012038BDD4E90B5129430A431A6090
:1029F0005969A26A21F00701114341F00401002D39
:102A0000CDD078B1B0F5005F16D0022A03D9032AE1
:102A1000C5D1EA01C3D501234022626584F835306F
:102A2000184638BD012A03D032F00202B7D1F0E7D0
:102A3000B5F1C07FB3D1EEE7032AB0D801A050F8BA
:102A400022F000BF172A0008132A0008172A0008DE
:102A5000312A00083F8010F0ABAAAAAAA0B800084B
:102A600070B490F83440856D012C35D090F8354025
:102A70004FF0010C644580F834C005D0002380F885
:102A8000343070BC02207047022680F8356004683C
:102A900000264665266826F48026266063608368E3
:102AA000402B0EBFA260A160E260C26D08BFE16072
:102AB0003F239340AB602368026C43F0160323600E
:102AC0001AB1236843F008032360236843F001032D
:102AD0000020236070BC7047022070BC704700BFAC
:102AE00090F83530022B03D08023436501207047D6
:102AF0000268052380F83530136823F001030020B5
:102B0000136070472DE9F04182B0744A866D1568F4
:102B100000230193C36D346808229A402242804604
:102B200004D001680F68780700F18A8001229A407A
:102B3000224204D0D8F800104969090678D404224A
:102B40009A40224204D0D8F8001009688F0767D451
:102B500010229A40224204D0D8F800100F6838079B
:102B600049D420229A40224217D0D8F800100C688D
:102B7000E00612D5B26098F83520052A73D00B68AC
:102B800013F4802F0B6800F09080190340F19B80B4
:102B9000D8F83C300BB140469847D8F854303BB396
:102BA000D8F85430DA071BD5D8F800204C49052353
:102BB00088F835301368A1FB051523F00103AD0A31
:102BC000136002E01368DB0704D5019B0133AB42BD
:102BD0000193F7D90122002388F8352088F8343092
:102BE000D8F84C3023B1404602B0BDE8F041184758
:102BF00002B0BDE8F081B2600A6812F4802F0A6862
:102C00002AD1D70503D40A6822F008020A60D8F84E
:102C10004020002AA5D040469047D8F85C30A0E775
:102C2000B260D8F8542042F00402C8F854208FE76C
:102C3000B260D8F8542042F00202C8F854207EE76F
:102C40000F6827F004070F60B260D8F8542042F0F4
:102C50000102C8F8542069E71203D8D5D8F84820F3
:102C6000002AD8D17DE70A6822F016020A604A6974
:102C700022F080024A61D8F8402052B30A6822F05C
:102C800008020A603F2202FA03F3D8F85010B3603A
:102C90000122002388F8352088F834300029A7D095
:102CA000404602B0BDE8F041084713F480737FF45A
:102CB0006FAF0A6822F010020A60012288F83520FE
:102CC00088F8343064E7D8F84430002B7FF463AFE1
:102CD00063E7D8F84820002AD0D1D3E7BC01002010
:102CE000B5814E1B90F83500704700BF2DE9F04FBD
:102CF00000220C68704E85B013464FF0010A8946D9
:102D000004E00133102B02F1020278D00AFA03F139
:102D100001EA040BA143F4D1D9F804C00CF003017B
:102D20004D1E012D6ED9032940F0AE809140CD4358
:102D300007683D4029431CF4403F0160E1D05F4DEE
:102D400000210391696C41F480416964696C01F46C
:102D500080410391039923F0030101F1804101F5C2
:102D60009C3103F00307D1F808E0BF000F25BD40F8
:102D70002EEA0508524DA84217D005F58065A842F5
:102D800000F086804F4DA84200F087804E4DA8424B
:102D900000F08A804D4DA8420CBF4FF0040E4FF05A
:102DA000070E0EFA07F748EA0708C1F80880B1686D
:102DB0006FEA0B071CF4801F0CBF39404BEA01017E
:102DC000B160F5681CF4001F0CBF3D404BEA0505DF
:102DD000F56075681CF4003F0CBF3D404BEA0505EB
:102DE000756031681CF4803F03F101030CBF39406A
:102DF0004BEA0101102B316002F1020286D105B0CD
:102E0000BDE8F08FD9F80C50876805FA02F8032561
:102E100005FA02FE27EA0E0748EA070787604768B7
:102E20006FEA0E0527EA0B0ECCF300179F4047EA26
:102E30000E074760C76807EA050ED9F80870974083
:102E400047EA0E070229C76001FA02F17FF470AF6A
:102E50004FEAD30E00EB8E0E03F00708DEF8207069
:102E60000097D9F810704FEA880807FA08F7019719
:102E70000F2707FA08F8009F27EA0808019F47EA8A
:102E80000807CEF8207053E703259540ED43D1E7BE
:102E90000AFA07F748EA070887E74FF0020E0EFA2A
:102EA00007F748EA070880E74FF0030E0EFA07F726
:102EB00048EA070879E700BF003C014000380240BB
:102EC0000000024000080240000C024000100240D6
:102ED00002B9090481617047704700BF044A516913
:102EE000014200D1704708B55061FFF7F5FF08BDFA
:102EF000003C01402DE9F04F046883B098462368F8
:102F0000DDF83090DDF834B043F4807306468A462D
:102F100017462360B9F1FF3F35D16569E807FCD555
:102F20000AF0FE012161B9F1FF3F03D04EE0616973
:102F30004D055CD461698B07F9D500230193636962
:102F40000193A3690193019BB9F1FF3F40F0878092
:102F500063691A0663D463695B05F9D500222023EF
:102F60006FF480616161326386F83D3086F83E20FF
:102F7000336C86F83C2043F004033364336C042B39
:102F800066D001201FE06369D907C9D4FFF70CFAA6
:102F9000A0EB0B00814504D3B9F1000F01D03468D8
:102FA000B8E700232022336386F83D2086F83E30C0
:102FB000326C316886F83C3042F0200232640B6893
:102FC000DC0535D4032003B0BDE8F08F63699807B2
:102FD000B3D463695A050AD4FFF7E6F9A0EB0B00F6
:102FE00081454ED3B9F1000F4BD034689BE723687D
:102FF00043F40073236000226FF480612023616139
:10300000326386F83D3086F83E20336C86F83C20EB
:1030100043F004030120336403B0BDE8F08FB8F13E
:10302000010F09D1FFB20020276103B0BDE8F08F86
:103030004FF400733364C5E73B0A2361B9F1FF3FE6
:103040002ED163691906EDD463695A05F9D585E770
:103050003268136843F4007301201360B3E76369B7
:103060001D06DCD4636959053FF578AFFFF79CF97D
:10307000A0EB0B00814525D3B9F1000F22D03468B5
:1030800062E700222023326386F83D3086F83E2036
:10309000336C86F83C2043F020033364012092E730
:1030A00063691B06BED4636958053FF557AFFFF748
:1030B0007BF9A0EB0B00814504D3B9F1000F01D0DF
:1030C0003468BBE700222023326386F83D3086F85F
:1030D0003E20336C86F83C2043F0200333644DE7F8
:1030E0002DE9F04F04689846236843F48063236019
:1030F000236883B043F48073DDF830A0DDF83490AA
:10310000236006468B461746BAF1FF3F39D1656901
:10311000EB07FCD50BF0FE0323615FFA8BFBBAF1E2
:10312000FF3F03D068E061694A0550D461698907AF
:10313000F9D50023019363690193A3690193019B6E
:10314000BAF1FF3F40F0B8806369180667D463693D
:103150005905F9D5002220236FF480616161326343
:1031600086F83D3086F83E20336C86F83C2043F0EC
:1031700004033364336C042B6CD0012003B0BDE82E
:10318000F08F6369DD07C5D4FFF70EF9A0EB0900E6
:10319000824504D3BAF1000F01D03468B4E70023AC
:1031A0002022336386F83D2086F83E30326C316849
:1031B00086F83C3042F0200232640B68DC0502D510
:1031C0004FF400733364032003B0BDE8F08F23682D
:1031D00043F400732360002220236FF48061616157
:1031E000326386F83D3086F83E20336C86F83C200A
:1031F00043F004033364C0E763699B0799D46369B0
:103200005805E4D4FFF7D0F8A0EB09008245C0F0E0
:103210008B80BAF1000F00F0878034687FE7B8F147
:10322000010F0BD1FFB22761BAF1FF3F6AD1636989
:103230001B0616D463695F05F9D58BE73B0A23614A
:10324000BAF1FF3F7FD163691D06EBD4636958056E
:10325000F9D57FE73268136843F4007301201360E7
:103260008CE7236843F480732360BAF1FF3F13D1E6
:103270006369D807FCD54BF001032361BAF1FF3F26
:1032800003D02BE063695B05A1D46369DB4313F0D2
:103290000203F7D1184671E76369D907EBD4FFF74A
:1032A00083F8A0EB09008245FFF479AFBAF1000F73
:1032B0003FF475AF3468D8E763691A06AFD4636921
:1032C0005D053FF547AFFFF76FF8A0EB09008245BA
:1032D0004CD3BAF1000F49D0346831E76369DB435E
:1032E00013F00203D6D063695A053FF570AFFFF7BC
:1032F0005BF8A0EB0900824516D3BAF1000F13D09A
:103300003468BBE763691D06ABD463695A053FF5B2
:1033100021AFFFF749F8A0EB0900824526D3BAF1A7
:10332000000F23D034687FE700222023326386F821
:103330003D3086F83E20336C86F83C2043F0200375
:10334000336401201AE7636919063FF56BAF6369BF
:103350005B053FF5FFAEFFF727F8A0EB09008245BC
:1033600004D3BAF1000F01D0346869E700222023AA
:10337000326386F83D3086F83E20336C86F83C2078
:1033800043F020033364F5E6002800F0B98070B5FF
:1033900090F83D30044603F0FF02002B00F09880C7
:1033A0002368242284F83D201A6822F001021A6062
:1033B0001A6842F400421A601A6822F400421A6045
:1033C00002F0E8FC63684F498B424FD84E4A904266
:1033D0007CD94E4D5A00A5FB0035431EB3FBF2F3DA
:1033E0002268506820F03F0040EA95405060A90CE8
:1033F00001F1010C116A21F03F0141EA0C01116257
:10340000D16940F6FC7E013321F44F4113EA0E0FDF
:1034100021F0FF0161D104230B43D361D4E90730CC
:103420001168034321F0C0010B4313609168D4E994
:10343000030321F40341034321F0FF010B43936095
:10344000D4E90530D168034321F0FF010B43D36079
:103450001168002341F0010120201160236484F8E9
:103460003D00236384F83E30184670BD284A9042E0
:103470002CD9264D274EA5FB002C2268556825F037
:103480003F0545EA9C4555604FEA9C414FF49675CF
:1034900005FB01F1A6FB0151156A890925F03F05DD
:1034A000013129431162D169A56821F44F4121F00E
:1034B000FF01ADB9013803EB4303B0FBF3F3013374
:1034C000C3F30B03D3B143F40043A5E7012070BD60
:1034D00080F83C20FEF776FA62E7C3F30B039BE724
:1034E00003EB8303013803EB8303B0FBF3F30133F6
:1034F000C3F30B0313B143F440438DE701238BE780
:1035000001207047A08601007F841E0083DE1B43DC
:10351000FF083D00D34D62102DE9F04F044683B003
:103520009946BDF834A00E9E0F469046FEF73CFF2C
:1035300094F83D30202B04D00227384603B0BDE874
:10354000F08F054605E0FEF72FFF401B192800F21B
:10355000AA80206883696FEA030C1CF0020BF2D08A
:1035600094F83C30012BE7D0012384F83C30036809
:10357000DB0771D53946076827F4006707600C98A8
:1035800060622120CDE9006584F83D00402084F888
:103590003E0000202064A4F82AA0608D20855748B2
:1035A000E0624B4642462046FFF7A4FC0746F8B9C6
:1035B000238D002B00F0A0802368721C58D15A691B
:1035C00010061AD45A695105F9D500226FF48060AB
:1035D00020215861226384F83D1084F83E20236C3A
:1035E00084F83C2043F004032364236C042B38D07C
:1035F0000127384603B0BDE8F08FD4F824C0B4F8F2
:1036000028E061460EF1FF3011F8012B1A61628D3E
:103610006162013A92B2628582B25869228540079E
:1036200017D542B9721C59D15A69500749D45A6901
:103630005105F9D5C9E79CF8011019610CF1020197
:103640006162618DAEF10202013992B289B22285C6
:103650006185002AB1D1E5E7036843F00103036007
:1036600088E72268136843F400730127136064E756
:103670005A691206C1D45A695105A6D4FEF794FEC0
:10368000401B864201D3002E96D1002220232263C4
:1036900084F83D3084F83E20236C84F83C2043F0CD
:1036A00020032364A1E72023C4F830B084F83D3020
:1036B00084F83EB0236C84F83CB043F020032364CC
:1036C0003AE71A68002142F4007220201A6084F858
:1036D0003D0084F83C1084F83E102EE75A695207EA
:1036E000EFD45A6951053FF570AFFEF75DFE401B00
:1036F0008642CAD3002EC8D0236893E70000FFFF9C
:103700002DE9F04F044687B09946BDF844A0129DBC
:103710000F469046FEF748FE94F83D30202B04D02B
:103720000227384607B0BDE8F08F064605E0FEF7F1
:103730003BFE801B192800F2D280D4F800C0DCF8D0
:103740001800C04310F0020BF1D094F83C30012B6C
:10375000E6D0012384F83C30DCF80030D90737D5B7
:10376000DCF8000020F40060CCF8000010986062E3
:103770002220CDE9005684F83D00402084F83E0028
:1037800000202064A4F82AA0608D20859348E06280
:1037900039464B4642462046FFF7A2FC0746002822
:1037A00040F0AB80228DD2B9236802905A69029210
:1037B0009A690292029A1A6842F400721A6000230F
:1037C000202284F83D2084F83C3084F83E30A8E77D
:1037D000DCF8003043F00103CCF80030C0E7012AE8
:1037E00000F02C81022A00F0BD8023680590596901
:1037F0000591996905910599032A49D8012A00F094
:10380000EB80022A00F08980691C40F0BB805A6975
:103810005207FCD51A68616A22F480621A601B693B
:103820000B70638D616A228D013B0131013A9BB2BD
:10383000616222856385691C226840F0AF8053690C
:103840005B07FCD51368616A43F400731360136966
:103850000B70638D228D606A2168013B9BB263858A
:103860000969531E00F1010C2385C4F824C041707E
:10387000228D638D616A013A013B013192B29BB2A4
:10388000616222856385002A99D0032A2368B5D90D
:103890005DB9C5E05A69D00600F1B280FEF784FD3B
:1038A000801B8542C0F0868023685A695206F1D594
:1038B000626A1B691370638D2068228D616A013B07
:1038C0009BB263854369013A92B201F1010C5B0737
:1038D0002285C4F824C0D6D503694B7036E0202376
:1038E000C4F830B084F83D3084F83EB0236C84F8DE
:1038F0003CB043F02003236412E70127384607B0A9
:10390000BDE8F08F5A6950070CD4FEF74DFD801BBF
:1039100085424FD3002D4DD02368691CF2D15A69DE
:103920005207FCD51A6842F400721A601A69636A79
:103930001A70638D626A013B9BB26385238D013BE4
:1039400023852368511C1B6961625370636A228D51
:1039500001336362638D013A013B92B29BB22285CF
:10396000638590E72368196821F4806119601968FC
:1039700041F40061196004905969049199690491B6
:10398000049939E75A6950073FF544AFFEF70CFD3B
:10399000801B85420ED36DB1236835E75369580704
:1039A0003FF550AFFEF700FD801B854202D3002D8E
:1039B0007FF441AF00222023226384F83D3084F855
:1039C0003E20236C84F83C20012743F02003384636
:1039D000236407B0BDE8F08F5DB92BE00000FFFF66
:1039E0005A69D2060CD4FEF7DFFC801B8542E1D376
:1039F00023685A695106F3D51A69636A1A70A5E7F4
:103A000000226FF0100020215861226384F83D10DD
:103A100084F83E20236C236484F83C20012780E650
:103A20005A6952063FF544AF5A69D106E8D4FEF709
:103A3000BBFCBFE75A695006F6D5DDE72368196875
:103A400021F4806119600390596903919969039188
:103A50000399196841F400711960CDE6704700BF01
:103A6000704700BF704700BF704700BF704700BF7E
:103A7000704700BF704700BF90F83D20016D0346BE
:103A800059B9C26C0168012A826C0DD0C2F30722B9
:103A90000A61026D013202657047016D012909D08A
:103AA000016D02290ED07047D2B20A61026D023256
:103AB00002657047826C0168D2B20A61026D013200
:103AC00002657047D2B2222A1FD0418D89B2C1B996
:103AD000418D89B20029E6D1212AE4D1026810B5CE
:103AE000546824F4E0645460146844F4007414606E
:103AF0002022016380F83D2080F83E10FFF7BAFFD6
:103B000010BD212A0AD05B8D704701680A6842F413
:103B100080720A60026D013202657047416A026874
:103B200011F8010B10615A8D5962013A92B25A850F
:103B3000704700BF704700BF704700BF704700BFAD
:103B400070B53A4B3A491B68806B82B0DB080022A3
:103B5000A1FB031301921B0A90F83D10026803EBCE
:103B60008303C3EBC303C9B2019305E0019B013B8F
:103B7000019313689B0506D5019B002BF6D1036CBE
:103B800043F020030364446B4CB3836B0025E5636F
:103B9000F3B11668DD6326F48066166045852565F9
:103BA00000241C65136823F00103136090F83D3076
:103BB000602B2AD001F02801282919D020220023C7
:103BC00080F83D2080F83E30FFF7B6FF02B070BDB0
:103BD000156825F48065156043852365E2E7836BEE
:103BE000F3B11568DC6325F4806515604485D7E77B
:103BF000136843F0010313601368002443F48063E7
:103C00001360046380F83D10DEE70023202280F873
:103C10003D2080F83E300364FFF790FF02B070BD96
:103C2000146824F4806414604385BBE7BC01002061
:103C300089B5F81410B590F83D2090F83E30102B5F
:103C40000446D2B239D0D9B2402936D002F0280188
:103C500028293DD023685968080507D4602A05D073
:103C60002021002284F83D1084F83E2000222263A7
:103C70005A6812F4006234D194F83D10602975D06E
:103C80005A69500605D5626A1B691370636A01336D
:103C900063622046FFF750FF236C190704D02268A7
:103CA000536823F4E063536094F83D30226C52076C
:103CB000DBB201D5282B2FD010BD222AC6D1236814
:103CC0001A6822F400621A605A681205C8D5CDE756
:103CD00000232363236884F83D105A6812F40062BD
:103CE000CAD05A68606B22F400625A6090F835308E
:103CF000012B1ED0284B0365FEF7F2FE0028CBD027
:103D00002268606B1368202123F00103136084F89C
:103D10003D10036D9847BFE700232049E162202250
:103D20002363204684F83D2084F83E30FFF7A0FE50
:103D300010BDA06B184B0365FEF7D2FE0028ABD078
:103D400023685A69510606D5626A1B691370626A54
:103D50002368013262621A68A06B22F001022021FE
:103D60001A6084F83D10036D984795E7202184F888
:103D70003D1022645A69520606D5626A1B691370A7
:103D8000626A2368013262621A6822F001022046E8
:103D90001A60FFF7D3FE7FE7413B00080000FFFFFA
:103DA00070B5036804465868E56A94F83E1094F8C4
:103DB0003D2010298EB0D2B25FFA81FC24D0BCF134
:103DC000400F21D0216C002900F096805969002510
:103DD00011F0020FC1F3400659D0860559D5226C67
:103DE00002B19D6994F83D2002F02802282A00F0D3
:103DF0001F8200220C9259690C919B690C930C9BB9
:103E000084F83C200EB070BD9E69596911F0010F15
:103E10001AD1B5F52A0FF5D0B5F12A4FF2D00D071A
:103E20006DD5850540F18380626C616BD2B21A61F9
:103E3000002900F0E481CA6B002A00F0E0815A6892
:103E400042F400625A60DDE785056ED5E26AB2F59C
:103E50002A0F00F0EA81E26AB2F12A4F04BF082279
:103E6000E26294F83E20402A00F0D8812269B2F53F
:103E7000804F00F0B381226D002A40F0EF81626C28
:103E8000D21102F0060242F0F0021A61BAE7CD0642
:103E90007CD402F0F702212A00F0F5804E0640F1B2
:103EA0003281450540F12F81490700F12F8194F8B7
:103EB0003D10628D92B2C9B2002AA3D0626A1B691A
:103EC0001370638D626A013B9BB26385638D01321F
:103ED0009BB26262002B95D12A2993D12268536844
:103EE0002225282123F4806353602046256384F82B
:103EF0003D10FFF7B9FD85E79D69596968E78D07B2
:103F000015D5850513D594F83E20E06A256B94F805
:103F10003D102229D2B200F0B38100220A925A69E0
:103F20000A929B690A930A9B6CE70D07E7D5750710
:103F300040F1F5805D682E053FF564AF0D0640F158
:103F40001581460540F112814D0700F1128194F868
:103F50003D20208D94F83E10E56AD2B2C9B2002807
:103F600040F03B82212A00F0418340297FF44AAF90
:103F7000222A7FF447AF628D92B2002A00F070824D
:103F800094F83E20402A40F0B480FCE0850580D5BE
:103F900094F83D505A6822F4E0625A600D965A69CE
:103FA0000D921A6842F001021A600D9A1A6822F402
:103FB00080621A605A681105EDB221D505F0F7024A
:103FC000222A00F07A81606B0268526892B26285A0
:103FD000628D92B21AB1226C42F0040222645A68D5
:103FE00022F400625A60FEF77DFE012808D0606B63
:103FF000994B0365FEF774FD10B1606B036D984734
:10400000638D9BB213B323685A6952070AD5626A5B
:104010001B691370628D636A013A591C92B223685E
:10402000616262855A69560609D5626A1B69137016
:10403000638D626A013B01329BB262626385638D6C
:104040009BB21BB1236C43F004032364236C002B4D
:1040500040F0DE802A2D00F0518194F83D30282B6D
:1040600000F05481236B222B02D0222D7FF4CAAEA4
:10407000002320222363204684F83D2084F83E302C
:10408000FFF7F2FCBEE60D0628D5460526D54D07FE
:1040900027D494F83D00618D89B2C0B200293FF465
:1040A000B1AE616A11F8015B1D616162618D013918
:1040B00089B26185618D89B200297FF4A3AE292878
:1040C0007FF4A0AE5968282521F48061596020460C
:1040D000226384F83D50FFF7C5FC93E649077FF55E
:1040E00091AE82057FF58EAE628D92B2002A3FF4CA
:1040F00089AE626A12F8011B1961638D6262013B2D
:104100009BB263857EE64A077FF57CAE86057FF528
:1041100079AE628D92B2002A3FF474AE1BE05A6809
:1041200015053FF56FAE4A0633D449077FF56AAEF1
:1041300082057FF567AEE16A628D92B2042A00F0D3
:104140001981628D92B2032A00F05981628D92B278
:10415000022A00F08A81626A1B691370638D626AA9
:10416000013B01329BB2626263854BE649077FF5F2
:1041700049AE86057FF546AE212A00F00381BCF1E9
:10418000400F7FF43FAE20460EB0BDE87040FFF711
:1041900073BC4605C9D54D07C1F38002C8D494F855
:1041A0003D1022297FF42EAE618D89B2032940F2A1
:1041B000CC81626A1B691370638D626A013B9BB29A
:1041C0006385638D9BB20132032B62627FF41AAE6A
:1041D0002268536823F48063536013E694F83D200B
:1041E000212A626C16BF42F0010202F0FE02D2B236
:1041F0001A61626B1AB1D26B002A7FF420AEA26BF7
:10420000002A3FF4FFADD26B002A7FF418AEF9E527
:1042100020460EB0BDE87040FFF70CBD226D4ABBD2
:10422000626C02F0FE021A61ECE50122E26218E61D
:104230005A6822F480625A602E066FEA95014FF0A8
:10424000000354BFA289228B84F83C3001F00101A5
:104250002046FFF70BFCD5E5413B0008226D012A03
:104260007FF4D0AD626CD21102F0060242F0F1028E
:104270001A61C7E5626C42F00102D2B21A61C1E56F
:10428000216D11B9402A00F0A180226D22B9216967
:10429000B1F5404F00F0A580628D92B2002A42D164
:1042A00003925A6903929A690392039A1A6842F434
:1042B00000721A6000232365A4E5A06B02685268AF
:1042C00092B26285628D92B21AB1226C42F00402FF
:1042D00022645A6822F400625A60FEF703FD012846
:1042E0003FF48EAEA06BA14B0365FEF7F9FB0028EF
:1042F0003FF486AEA06B036D984781E628222363C6
:10430000204684F83D20FFF7AFFBA6E6002398493E
:10431000E16220222363204684F83D2084F83E3069
:10432000FFF7A6FB6EE5628D92B2012A76D0628D10
:1043300092B2022A00F0EB801A6842F480621A609E
:104340005A6812050ED510F5803F07D001381F2896
:1043500008D8884A22FA00F0C60703D55A6842F402
:1043600080525A60002209925A6909929B69099306
:10437000099B9FE75A68616A22F480625A601B6950
:104380000B70EBE6E16A94F83D20212A7FF43AAD08
:10439000628D92B2002A7FF4ACAE082900F09F80B3
:1043A000202900F09C8011F5803F00F0988059682A
:1043B00021F4E061596011202023206384F83E201D
:1043C000204684F83D30FFF749FB1BE501915A690F
:1043D00001929B690193019B14E5212A3FF4CBAD27
:1043E000C3E502925A6902929A690292029A1A6885
:1043F00042F480721A60236D0133236502E55A6826
:10440000042922F480625A603FF4A5AE02293FF4E9
:10441000A2AE1A6822F480621A609CE610F5803F12
:1044200000F00381082800F0D180202800F0CE8021
:10443000122D00F03D81102800F23C814E4A22FAF4
:1044400000F0C10740F136811A6842F480621A60B8
:10445000002206925A6906929B690693069B29E7F9
:104460005A6822F480625A60CCE401291A6800F08C
:10447000D880102900F0D580042900F00A81022993
:1044800000F0078142F400721A60626A1B691370BF
:10449000638D626A2168013B9BB263850B69511C85
:1044A00061625370638D2168626A013B9BB26385D0
:1044B0004B68013223F44073202062624B6084F821
:1044C0003D0094F83E30402B00F0C38000221223C0
:1044D00084F83E2020462363FFF7C2FA92E459682D
:1044E00021F4E061596019680022202041F4007134
:1044F0001960226384F83D0094F83E3084F83E2031
:10450000402B20467FF45FAFFFF7B4FA7AE410281F
:1045100040F2A8801A6822F480621A601A6842F495
:1045200000621A605A68160507D510F5803F40F002
:10453000A6805A6842F480525A60002208925A6952
:1045400008929B690893089BB4E6E06A022887D02A
:10455000012985D809490B92096846F2A810B1FBD8
:10456000F0F101EB81010B910FE000BF413B00082E
:104570000000FFFF8180008014000100BC010020CA
:104580001A6812F4007200F09A800B9A013A0B92AA
:104590000B990029F4D1226C606A42F02002226457
:1045A0005A6822F4E0625A601B690370638D626A84
:1045B000013B01329BB220206385626284F83D009A
:1045C000204684F83E10FFF7B7FA1BE41A68002172
:1045D00022F480621A6007915A6907929A690792D9
:1045E000079A1A6842F400721A6063E6082D3FF4D5
:1045F00076AF202D3FF473AF15F5803F3FF46FAFDA
:104600005A6822F4E0625A601120002120232063BE
:1046100084F83E10204684F83D30FFF71FFAFFF77C
:10462000F1BB22F480621A602FE71A6822F48062DC
:104630001A605A6812F400622FD01A68002122F41E
:1046400080621A6004915A6904929B690493049BE6
:1046500030E6002384F83E3020462363FFF76AFAF1
:10466000FFF7D0BB274AC240D2077FF553AF1A6885
:1046700042F480621A605A6815057FF55EAF013812
:104680001F283FF65AAF204AC240D1077FF555AFE9
:104690004FE742F480621A60F7E605925A69059284
:1046A0009A690592059A1A6842F400721A6001E646
:1046B00001288BD11A6822F480621A60C8E6196852
:1046C000606A21F480611960596821F4E0615960E1
:1046D0001B690370638D013B20219BB2638584F8C5
:1046E0003D10636A94F83E100133402963627FF401
:1046F000EEAE84F83E2020462263FFF71BFAFFF758
:1047000081BB00BF140001008180008030B50368C8
:104710005C695A6890F83E10E50583B05FFA81FC49
:1047200033D5D1054FEA122E2FD56FF480725A611E
:10473000A2053CD4620572D50121428D90F83DE07E
:10474000056BBCF1200F92B25FFA8EFE3DD06FF484
:104750008062BCF1100F41F004015A6102D0BCF13B
:10476000400F03D11A6842F400721A60220504D582
:104770006FF4006241F008015A61036C194301644F
:1047800003B0BDE83040FFF755BAA50503D5D10504
:104790004FEA122E17D46505C4F3802103D42405F3
:1047A00034D403B030BDD105FBD50021C5E70321CA
:1047B0006FF400725A616205BFD42405DDD51EF086
:1047C000010FD5D1D9E70221F2E7CAB90EF0F702FD
:1047D000212A04D0BEF1280F12D1212D10D190F83A
:1047E0003D20C56A082DD2B21ED0202D1CD0212A12
:1047F00037D06FF480625A6125050CD50368B7E79E
:104800006FF480625A6141F00401AFE74FEA122E63
:104810001EF0010FACD10029AFD103B030BD25058A
:104820004FF00101F4D4A8E7282AE0D11A4AC26265
:104830005A68019122F4E0625A606FF480625A6112
:104840001A68009022F480621A6000232022036319
:1048500080F83D2080F83E30FFF70AF9DDE90001DD
:10486000CAE70D4DC5620263202280F83D20002278
:1048700080F83E205A68019122F4E0625A606FF499
:1048800080625A611A68009022F480621A60FFF711
:10489000E9F8DDE90001AFE70000FFFFF0B58BB0FC
:1048A000002800F0858090F8BD340468054603F0C8
:1048B000FF02002B76D02046032385F8BD34E36B3E
:1048C0002E4613F4807308BF2B6102F095F856F85A
:1048D00010EBB446BCE80F006C460FC4BCE80F00F8
:1048E0000FC49CE8030084E803002F1D97E80E0026
:1048F000704601F07DFF044630B1012402232046BA
:1049000085F8BD340BB0F0BD0146286802F07CF894
:10491000686858B322464FF0010E214602EBC203ED
:1049200005EB830302F1010C83F83C20A3F844203B
:104930005FFA8CF28242C3E9121183F83DE083F8FA
:1049400040105965EAD3002204EBC40305EB83034E
:10495000611C83F87C42CCB28442C3E9A22283F872
:104960007D2283F88022C3F89422EDD30FCE6C46CB
:104970000FC40FCE0FC496E8030084E8030097E845
:104980000E00286802F078F804460028B5D101230B
:1049900085F83800286885F8BD3402F01FFD2046F0
:1049A0000BB0F0BD80F8BC24FDF76CFC286883E7F1
:1049B000012420460BB0F0BD10B590F8BC34012B9B
:1049C0000446006816D0A36A0122934284F8BC24EE
:1049D00008D002F009F8206802F0F0FC002084F80A
:1049E000BC0410BDA3699342F3D0836B43F48033BE
:1049F0008363EEE7022010BD2DE9F04F056889B012
:104A00000446284602F028FD10B109B0BDE8F08F39
:104A10008346206802F0F2FC0028F6D0D5F808386A
:104A20002068C3F30D23C4F8FC3402F0E7FC10F057
:104A3000020F206805F5006303931EBF436903F06E
:104A40000203436102F0DAFC10F0100F206812D06C
:104A5000836923F0100383612E6AC6F34343022B5C
:104A600006F00F0700F0CB83062B00F00783836965
:104A700043F01003836102F0C1FC070300F1698277
:104A8000206802F0BBFC460300F11182206802F0AE
:104A9000B5FC0028C0F28281206802F0AFFC070557
:104AA00000F13D81206802F0A9FCC00400F1A08162
:104AB000206802F0A3FC10F4005F206840F08181C0
:104AC00002F09CFC010700F1E981206802F096FCED
:104AD000020671D5AA69636822F08002012BAA61DF
:104AE0006AD994F8A322012A00F0EA83022B63D941
:104AF00094F8C722012A00F0FE83032B5CD994F8B6
:104B0000EB22012A00F0B382042B55D994F80F232D
:104B1000012A00F0C682052B4ED994F83323012ACE
:104B200000F02684062B47D994F85723012A00F079
:104B30003384072B40D994F87B23012A00F04A8460
:104B4000082B39D994F89F23012A00F05784092BA8
:104B500032D994F8C323012A00F064840A2B2BD99C
:104B600094F8E723012A00F071840B2B24D994F8E0
:104B70000B24012A00F07E840C2B1DD994F82F24DD
:104B8000012A00F07F840D2B16D994F85324012AB2
:104B900000F09F840E2B0FD994F87724012A00F09F
:104BA000A6840F2B08D994F89B34012B04D12068DC
:104BB00004F5936102F016FB206802F01FFCC302AB
:104BC00040F1AB806368012B40F2898094F8642047
:104BD000D5F82019012A00F01382022B7FD994F80E
:104BE0008820D5F84019012A00F01D82032B76D9C0
:104BF00094F8AC20D5F86019012A00F02082042B2B
:104C00006DD994F8D020D5F88019012A00F02382BC
:104C1000052B64D994F8F420D5F8A019012A00F0E6
:104C20004383062B5BD994F81821D5F8C019012AC3
:104C300000F05583072B52D994F83C21D5F8E019A0
:104C4000012A00F06083082B49D994F86021D5F837
:104C5000001A012A00F06383092B40D994F88421BB
:104C6000D5F8201A012A00F06E830A2B37D994F860
:104C7000A821D5F8401A012A00F082830B2B2ED9E7
:104C800094F8CC21D5F8601A012A00F097830C2BF8
:104C900025D994F8F021D5F8801A012A00F0A283D2
:104CA0000D2B1CD994F81422D5F8A01A012A00F073
:104CB000AD830E2B13D994F83822D5F8C01A012AE7
:104CC00000F0B8830F2B0AD994F85C22D5F8E01ACB
:104CD000012A00F0C383102B01D9D5F8003B2068CE
:104CE000436903F48013436102F088FB870221D4F7
:104CF000206802F083FB400000F1C780206802F0CA
:104D00007DFB41077FF581AE23685D686A0700F18E
:104D100097825A682A435A6077E62068E4E7039B43
:104D20009B68DE0700F188822068436903F4006312
:104D30004361B8E6D4F804C0BCF1010F28D905F5E9
:104D400032622346012106E00131614502F1200271
:104D500003F124031CD093F8A40216680128F3D1B0
:104D6000002EF1DAD4F8FC7406F4803607F001075F
:104D7000BE42E9D183F8A302A86940F08000A8618F
:104D800068690606E0D4039A536843F400735360DD
:104D90002068436903F400134361AAE7039A536848
:104DA00023F00103536094F8F434012B00F03481B4
:104DB000204603F007FF2068436903F00043436186
:104DC0006BE602F04DFB206801F09AFFE060266878
:104DD00000F0DAFF227B0146304601F08BFD2046D1
:104DE00003F0C2FE2068436903F40053436167E6A1
:104DF000039A2068536823F001035360102101F0E7
:104E000055FF6068E0B105F510634FF67F3199609A
:104E10001A6822F400121A60C3F80812D3F80022AC
:104E200022F40012C3F80022D3F800220BF1010B88
:104E300042F000628345C3F8002203F12003E6D16B
:104E40000399226BCB6943F00113CB61002A40F038
:104E5000CC804B6943F4005343F02B034B610B6947
:104E600043F00B030B61D5F80038217C206823F454
:104E7000FE63C5F8003804F2C44202F003FB206868
:104E8000436903F48053436113E6204603F0A6FE12
:104E90002068436903F08043436130E7204603F014
:104EA0005FFE2068436903F0080343610EE6206853
:104EB00002F0B0FA804600283FF4E8AD4FF0000A57
:104EC00020680495274605F510695646CDF814B0BC
:104ED00009E05FEA580806F1010607F1240709F125
:104EE000200900F0E58018F0010FF2D05FFA86FA91
:104EF000514602F0A1FAC207054613D503990120D5
:104F00004B6B06F00F0200FA02F223EA02034B6336
:104F10002169C9F80800814200F097815146204676
:104F200003F014FE2B0744BF0823C9F80830E80635
:104F300044BF1023C9F80830690644BF4023C9F8AC
:104F40000830AA0700F14E812B0600F1F580206899
:104F5000BFE7206802F056FA064600283FF490ADFD
:104F600005F53067A2464FF00009CDF810B008E013
:104F7000760809F1010907F120070AF1240A00F077
:104F80009A80F007F4D55FFA89FB2068594602F051
:104F900049FA10F0010F804640F0AF8018F0080F7A
:104FA00040F08C8018F0100F1CBF1022BA6018F06F
:104FB000020F0ED06A69110604D5039B5A6842F4A9
:104FC00080625A609AF87F22012A00F080810223D1
:104FD000BB6018F0200F1CBF2023BB6018F4005FDB
:104FE0001CBF4FF40053BB60C2E7D1F8843043F0DC
:104FF0000B03C1F884304B6C43F00B034B6432E776
:105000000029BFF6EAAD214684F8632051F8600B11
:1050100002F0E8F86368E0E5002184F8F414204623
:1050200000F0FAFBC7E60029BFF6E0AD214684F8A0
:10503000872051F8840B02F0D5F86368D6E5002983
:10504000BFF6DDAD214684F8AB2051F8A80B02F085
:10505000C9F86368D3E50029BFF6DAAD214684F8C4
:10506000CF2051F8CC0B02F0BDF86368D0E5206882
:1050700004F53A7102F0B6F8636845E5082204F2D7
:10508000C441284607EBC70702F006F904EB870284
:10509000C6F30A13D2F89C1220680B44C2F89C3263
:1050A000E5E4206804F5437102F09CF8636832E59A
:1050B000DDE9045BEBE4DDF810B0E1E42168BD4B11
:1050C0000822BA6001F53062096C02EB491299427C
:1050D000906840F2CB80000402D54FF4004191600B
:1050E000204603F023FD216901297FF45BAF20688E
:1050F00004F2C44202F0C6F954E720682169012293
:10510000BA6000F5306202EB49120129D0F840C0C4
:10511000936800F0AF80A8498C4500F00C81B9F18C
:10512000000F04D1D4F89422002A00F0DA81594605
:10513000204603F001FD31E7FB6D7D6DD4F800B032
:10514000AB4258463FF6C5AE0BF5106202EB461275
:1051500011469646BA6C8969CDF81CB0A5EB030CD4
:10516000624528BF624689B20332B1EB920FC0F0AC
:10517000978052460696CA462646C14674469046D1
:1051800019E0ED1ABB6CF96C9D4228BF1D46337CBB
:1051900000934246ABB2584602F068F8FB6CA16936
:1051A0002B44FB64FB6D89B22B440335B1EB950FA7
:1051B000FB656DD37D6D9D42E3D83446069ED4F8E1
:1051C00000B0C846D146079B06F00F0203F5006108
:1051D0000125D3F8343805FA02F223EA02035846CF
:1051E0004B6376E60498314601F060FD97F83F3056
:1051F000012B00F0B4800223C9F80830A4E647F67A
:10520000F0731E423FF433AC07EBC70704EB87078C
:10521000C6F30A12D7F88C122846164602F03CF85C
:10522000D7F88C3220683344C7F88C32D7F89C32D8
:105230003344C7F89C321AE4204603F0ABFC73E514
:10524000204603F0CFFC236863E5D7E9122313441B
:10525000FB64002E7FF462AE636D002B7FF45EAEC4
:10526000206804F2C44202F00DF957E6204603F02C
:105270005DFC97E6190740F197804E498C457FF613
:105280008DAE18047FF58AAE4FF40041916085E63B
:1052900034467D6DD4F800B0069EC8465846D146C7
:1052A000AB42FFF416AE8EE70029BFF6BAAC21463A
:1052B00084F8F32051F8F00B01F094FF6368B0E438
:1052C000206804F5287101F08DFF63680EE4002367
:1052D00059468AF87F32204603F078FC77E60029A9
:1052E000BFF6A8AC206884F8172104F58A7101F094
:1052F00079FF63689EE4206804F5317101F072FF64
:105300006368FFF7FABB0029BFF69DAC206884F8FC
:105310003B2104F59C7101F065FF636893E400296B
:10532000BFF69AAC206884F85F2104F5AE7101F0F5
:1053300059FF636890E41904A6D49B067FF5F7AE85
:1053400020219160F3E60029BFF68FAC206884F835
:10535000832104F5C07101F045FF636885E44FF0D7
:10536000000387F83F305146204603F033FC42E704
:10537000206804F54C7101F035FF6368FFF7D2BB7C
:105380000029BFF67BAC206884F8A72104F5D27110
:1053900001F028FF636871E4206804F5557101F09D
:1053A00021FF6368FFF7C5BB990673D52021916083
:1053B000F4E500BF0A30544F0A31544F0029BFF6BC
:1053C00066AC206884F8CB2104F5E47101F00AFF93
:1053D00063685CE4206804F55E7101F003FF6368B4
:1053E000FFF7AEBB0029BFF65BAC206884F8EF2165
:1053F00004F5F67101F0F6FE636851E4206804F5E7
:10540000677101F0EFFE6368FFF7A1BB0029BFF6EB
:1054100050AC206884F8132204F5047101F0E2FE18
:10542000636846E4206804F5707101F0DBFE636890
:10543000FFF794BB0029BFF645AC206884F83722FB
:1054400004F50D7101F0CEFE63683BE4206804F5BD
:10545000797101F0C7FE6368FFF787BB0029BFF6CB
:105460003AAC206884F85B2204F5167101F0BAFEAC
:10547000636830E4206804F5816101F0B3FE63687D
:10548000FFF77ABB206804F22C4101F0ABFE6368A1
:10549000FFF779BB13F0280F7FF480AD1B498C45D3
:1054A00002D91B043FF5F0AE1169DAF89822C1F376
:1054B0001201521ACAF89C22B9F1000F7FF437AEDC
:1054C000D4F89412D9B1D4F88C120A44C4F88C22BE
:1054D0002DE6206804F58A6101F084FE6368FFF719
:1054E00059BB04F2C442494601F0CCFF1FE62068D4
:1054F00004F2744101F076FE6368FFF752BB04F2D8
:10550000C442012101F0BEFF11E600BF0A30544F32
:1055100090F8BC24012A0DD010B504460122006881
:1055200084F8BC2484F8381001F038FF002084F897
:10553000BC0410BD0220704710B501F00F0E090623
:10554000044627D44FF0240C0CFB0E0C0CF51F71F5
:105550000EEBCE0C00EB8C0C00208CF87D02CA60A8
:105560004A7881F800E00B710AB1A1F808E0022B3B
:1055700004BF00234B7194F8BC34012B18D00123D5
:1055800084F8BC34206801F0C7FB002384F8BC34E5
:10559000184610BD242000FB0E4000F13C010EEB2C
:1055A000CE0004EB80004FF0010C80F83DC0D6E740
:1055B000022010BD01F00F0303EBC30211F0800FB6
:1055C0004FF0240110B500EB8202044601FB0301F9
:1055D00013D101F51F71002082F87D020B7094F841
:1055E000BC34012B12D00123206884F8BC3401F0B4
:1055F000DFFB002084F8BC0410BD3C31012082F8A0
:105600003D000B7094F8BC34012BECD1022010BD8E
:1056100010B501F00F0404EBC40C00EB8C0C24213A
:10562000CCF894320023CCF88C228CF87C42CCF855
:105630009C328CF87D32036901FB0401012B08BF09
:10564000CCF89022006801F51F71DAB21CB901F0A4
:105650001DFD002010BD01F00DFC002010BD00BF9D
:1056600001F00F0101EBC10100EB8101D1F89C02B7
:10567000704700BF10B501F00F0404EBC40C00EB41
:105680008C0C2421CCF854300023CCF85C3001235E
:10569000CCF84C208CF83C408CF83D30036901FB81
:1056A0000401012B08BFCCF8502000683C31DAB26D
:1056B0001CB901F0EBFC002010BD01F0DBFB002069
:1056C00010BD00BF38B5436801F00F059D4233D8C7
:1056D0000B0604461CD401EBC103242202FB01018A
:1056E00000EB830301F51F71002283F87D22012363
:1056F0008B700D7094F8BC249A421BD0206884F8FB
:10570000BC3401F0F1FDCDB1002084F8BC0438BDFB
:1057100005EBC503242101FB050100EB83030122F6
:105720003C3183F83D2001238B700D7094F8BC242C
:105730009A42E3D1022038BD012038BD217C206887
:1057400004F2C44201F09EFEDEE700BF426838B5B5
:1057500001F00F0393422ED803EBC30211F0800F28
:105760004FF02401044600EB820201FB030115D136
:1057700001F51F710020002582F87D028D700B70ED
:1057800094F8BC34012B14D00123206884F8BC3475
:1057900001F0D8FD84F8BC54284638BD3C310120C6
:1057A000002582F83D008D700B7094F8BC34012BFD
:1057B000EAD1022038BD012038BD00BF10B4046812
:1057C000606A31B940EA0240A06200205DF8044BF3
:1057D0007047A36AB1F1010C00EB13400BD000231A
:1057E00003F1400104EB810101334968DBB26345F9
:1057F00000EB1140F4D30CF1400C04EB8C0C40EAAC
:105800000240CCF804005DF8044B0020704700BF54
:105810000368002059627047704700BF002800F0FD
:10582000A2812DE9F0410368DD0782B004462FD53F
:105830009E498A6802F00C02042A00F0ED808A6812
:1058400002F00C02082A00F0E3806368B3F5803FA1
:1058500000F0EC80B3F5A02F00F07581934D2A681D
:1058600022F480322A602A6822F480222A60002BE7
:1058700040F0E180FCF798FD064605E0FCF794FD5A
:10588000801B642800F201812B689B03F6D42368F7
:105890009F0728D5854A916811F00C0F00F0908081
:1058A000916801F00C01082900F08680E368002B64
:1058B00000F00E817E4B7D4E01221A60FCF774FDD4
:1058C000054605E0FCF770FD401B022800F2DD8074
:1058D00033689807F6D53368226923F0F80343EA62
:1058E000C203336023681A0751D458072FD56F4A73
:1058F000136C13F080537FD000256E4E3368D905AA
:1059000040F1B380A368012B00F0C380052B00F0A9
:105910002C81664E326F22F001023267326F22F024
:1059200004023267002B40F0B980FCF73DFD41F2E4
:105930008838074605E0FCF737FDC01B404500F2FC
:10594000A480336F9807F6D4002D40F00681A0693B
:10595000C8B1564DAB6803F00C03082B00F0C980AA
:10596000534B002202281A6600F00981FCF71CFD47
:10597000044605E0FCF718FD001B022800F28580B4
:105980002B689B01F6D4002002B0BDE8F08163696A
:105990000BB3474B454E0122C3F8802EFCF704FDA4
:1059A000054604E0FCF700FD401B02286DD8736F2C
:1059B0009B07F7D5236898E7526856023FF576AF04
:1059C0003A4A1268950744D5E268012A41D001207D
:1059D00002B0BDE8F081364A344EC2F8803EFCF792
:1059E000E3FC054604E0FCF7DFFC401B02284CD832
:1059F000736F9F07F7D4DDE70193136C43F0805377
:105A00001364136C03F080530193019B012574E729
:105A10004A6850027FF519AF244A126891037FF556
:105A200037AF6268002A7FF433AFD0E71F4A1368AC
:105A300043F480331360FCF7B7FC1C4E054604E0CA
:105A4000FCF7B2FC401B64281FD833689A03F7D5D3
:105A50001DE7164920690A6822F0F80242EAC002EE
:105A60000A601A077FF541AF91E7336843F480730A
:105A70003360FCF799FC07463368DA053FF542AF1F
:105A8000FCF792FCC01B0228F6D9032002B0BDE847
:105A9000F081064A136F43F001031367FCF784FC9F
:105AA000024F064641F288380BE000BF0038024042
:105AB0000000474200700040FCF776FC801B404528
:105AC000E3D83B6F9B07F7D5002D3FF440AF44E090
:105AD000424A434E1360FCF767FC054604E0FCF7BE
:105AE00063FC401B0228D0D833689907F7D4236899
:105AF000F9E601283FF448AF6B68E26903F48001DE
:105B000091427FF464AF226A03F03F0191427FF437
:105B10005EAF616A47F6C0721A40B2EB811F7FF434
:105B200056AFA26A520803F44031013AB1EB024F7A
:105B30007FF44DAFE26A03F07063B3EB026F14BF02
:105B40000120002020E7264B1A6842F480221A60C8
:105B50001A6842F480321A606DE7214A136C23F010
:105B600080531364F3E6012070471D4B1A6F42F017
:105B700004021A671A6F42F001021A678EE7FCF7F7
:105B800013FC064605E0FCF70FFC801B02283FF6DD
:105B90007CAF2B689901F6D4D4E90731626A0B43D4
:105BA00043EA8213D4E90A21520843EA0163013A25
:105BB0000A4943EA024301226B600A66FCF7F4FBE0
:105BC000074D044605E0FCF7EFFB001B02283FF6FB
:105BD0005CAF2B689A01F6D5D5E600BF00004742BE
:105BE00000380240164908B58B6803F00C03042BFB
:105BF0001BD0082B17D14A684B68496813F48003FF
:105C000002F03F0213D10F48C1F38811A1FB00013C
:105C1000FAF736FB0A4B5B68C3F3014301335B00C1
:105C2000B0FBF3F008BD074808BD074808BD0648AB
:105C3000C1F388110023A1FB0001FAF721FBE9E77A
:105C4000003802400024F40040787D01002800F074
:105C50008780484A136803F007038B422DE9F0411F
:105C60000D46044609D2CBB21370136803F0070344
:105C70008B4202D00120BDE8F0812368980714D53B
:105C8000590704D53C498A6842F4E0528A601A07F1
:105C900004D539498A6842F460428A603649A0686E
:105CA0008A6822F0F00202438A60DF0721D5626829
:105CB000012A57D0931E012B2F4B1B684DD99907F2
:105CC000D8D52D4EB36823F003031343B360FCF71C
:105CD0006BFB41F28838074604E0FCF765FBC01B0C
:105CE000404544D8B368626803F00C03B3EB820FFD
:105CF000F3D1204A136803F00703AB4206D9EBB295
:105D00001370136803F00703AB42B3D123685A073B
:105D100006D51949E0688A6822F4E05202438A6095
:105D20001B0707D5144A2169936823F4604343EAAB
:105D3000C1039360FFF756FF0F4A104C9268104959
:105D4000C2F303120346A25C0E48D34000680B6006
:105D5000FBF7DCFF0020BDE8F0819801B1D489E7B2
:105D600001207047044B1B689E03AAD482E70320DE
:105D700081E700BF003C02400038024088B80008BC
:105D8000BC010020C4010020014B1868704700BF0F
:105D9000BC010020044B05499B68054A0868C3F311
:105DA0008223D35CD840704700380240BC010020F9
:105DB00098B80008044B05499B68054A0868C3F376
:105DC0004233D35CD840704700380240BC01002009
:105DD00098B800080E4B0F2202609A6802F0030286
:105DE00042609A6802F0F00282609A6802F4E0521F
:105DF000C2609B68DB0810B403F4E053054C0361F8
:105E000023685DF8044B03F007030B60704700BF85
:105E100000380240003C0240704700BF002876D0A6
:105E200010B590F83D30044603F0FF02002B55D02A
:105E300022683849022384F83D308A42136852D0E0
:105E4000B2F1804F21D0A1F57C418A421DD001F5ED
:105E500080618A4219D001F580618A4215D001F52E
:105E60009A318A4215D001F580618A4211D001F53C
:105E700080618A420DD0A069E16823F0800303436A
:105E800013606368D162936210E0A16823F070032D
:105E90000B432069A16923F44073034323F080037B
:105EA000E0680B4361681360D06291620123536123
:105EB00084F8463084F83E3084F83F3084F840302F
:105EC00084F8413084F8423084F8433084F8443018
:105ED00084F8453084F83D30002010BD80F83C2027
:105EE000FFF79AFFA4E7A068216923F0700303433A
:105EF00023F440730B43A16923F080030B43136029
:105F0000E368D3626368936263691363CEE7012039
:105F1000704700BF0000014090F83D30012B27D1B1
:105F200003681549022280F83D20DA688B4242F06E
:105F30000102DA6011D0B3F1804F0ED00F4A9342C4
:105F40000BD002F58062934207D002F58062934243
:105F500003D002F59A32934204D19A6802F0070204
:105F6000062A07D01A6842F0010200201A60704722
:105F700001207047002070470000014000040040ED
:105F8000002876D010B590F83D30044603F0FF02AB
:105F9000002B55D022683849022384F83D308A42CC
:105FA000136852D0B2F1804F21D0A1F57C418A42D2
:105FB0001DD001F580618A4219D001F580618A42C5
:105FC00015D001F59A318A4215D001F580618A42D7
:105FD00011D001F580618A420DD0A069E16823F0FB
:105FE0008003034313606368D162936210E0A16889
:105FF00023F070030B432069A16923F4407303432A
:1060000023F08003E0680B4361681360D062916203
:106010000123536184F8463084F83E3084F83F30E1
:1060200084F8403084F8413084F8423084F84330BA
:1060300084F8443084F8453084F83D30002010BDA9
:1060400080F83C20FBF7CAFFA4E7A068216923F091
:106050007003034323F440730B43A16923F08003CF
:106060000B431360E368D3626368936263691363ED
:10607000CEE70120704700BF0000014070B5054623
:106080000C46002940F0828090F83E100229C8B2E8
:106090004FD095F83E10A1F10101B1FA81F1490903
:1060A000002949D0002A45D0002C47D1022185F88B
:1060B0003E10686A744E11462A68C663734E0664C1
:1060C000734EC6643432FCF7CBFC002834D12B6805
:1060D000DA6842F40072DA60186A012204F01F04E0
:1060E00002FA04F420EA04001862196A694A0C43AF
:1060F00093421C6200F0C180B3F1804F0ED0664A1B
:1061000093420BD002F58062934207D002F5806281
:10611000934203D002F59A32934205D19A6802F075
:106120000702062A00F0AE801A6842F00102002041
:106130001A6070BD002BB7D0012070BD042C60D058
:10614000082C4FF0020146D085F841100C2CF3D8F2
:1061500001A151F824F000BFB360000839610008C4
:1061600039610008396100080962000839610008D6
:106170003961000839610008396100083961000897
:10618000396100083961000831620008042964D0CF
:1061900008290CBF90F8401090F84110A1F10201BD
:1061A000B1FA81F1490979B9002C3FF472AF042C9E
:1061B0005BD0082C0AD095F841100129BCD1002AE7
:1061C000BED1002BBCD0B7E7022070BD95F84010BF
:1061D0000129F4D0B0E7E86A2B4E85F8401011464B
:1061E0002A68C663294E0664294EC6643C32FCF711
:1061F00037FC0028A0D12B68DA6842F40062DA602C
:106200006AE7022185F83F10A86A1F4E11462A68E6
:10621000C6631E4E06641E4EC6643832FCF720FC70
:10622000002889D12B68DA6842F48062DA6053E78B
:10623000286B154E11462A68C663144E0664144E28
:10624000C6644032FCF70CFC00287FF475AF2B6865
:10625000DA6842F48052DA603EE790F83F10A1F12C
:106260000201B1FA81F149099DE795F83F10A1F1CA
:106270000101B1FA81F1490912E75A6C42F4004276
:106280005A644BE7002070BDB56400083D65000806
:10629000F5660008000001400004004090F83C3022
:1062A000012B00F0CA800123F0B480F83C300C2AA6
:1062B00008D8DFE802F03D070707680707079607D9
:1062C00007070E00002380F83C3001221046F0BC86
:1062D000704703680E681A6A22F480521A621A6ABA
:1062E0005D68DC6924F4E64444EA06248E6822F4FE
:1062F000005242EA06326B4EB34200F0BD805D6050
:10630000DC614C681C641A62DA690D6942F400624F
:10631000DA61DC6924F48064DC61D96941EA052131
:10632000D961002380F83C3000221046F0BC704751
:1063300003680E681A6A22F001021A621A6A5D681E
:106340009C6924F0730434438E6822F002023243C5
:10635000544EB34274D05D609C614C685C631A62B9
:106360009A690D6942F008029A619C6924F004045C
:106370009C61996929439961002380F83C3000228F
:106380001046F0BC704703680E681A6A22F01002CB
:106390001A621A6A5D689C6924F4E64444EA062499
:1063A0008E6822F0200242EA06123E4EB34254D0DA
:1063B0005D609C614C689C631A629A690D6942F445
:1063C00000629A619C6924F480649C61996941EA45
:1063D00005219961002380F83C3000221046F0BC72
:1063E000704703680E681A6A22F480721A621A6A89
:1063F0005D68DC6924F0730434438E6822F4007213
:1064000042EA0622274EB3423CD05D60DC614C6814
:10641000DC631A62DA690D6942F00802DA61DC694C
:1064200024F00404DC61D9692943D961002380F890
:106430003C3000221046F0BC7047022210467047E4
:10644000CE6822F008023243D1E9056725F4407591
:106450003E4322F0040235437DE7CE6822F08002FD
:1064600042EA0612D1E9056725F440653E4322F071
:10647000400245EA86059BE74E6925F4804545EADA
:1064800086153CE7CE6822F4006242EA0622D1E992
:10649000056725F440553E4322F4806245EA06151F
:1064A000B3E700BF00000140704700BF704700BF66
:1064B000704700BF10B5846B636A83421CD0A36A27
:1064C00083420BD0E36A834223D0236B834229D0DB
:1064D0002046FFF7EDFF0023237710BD022222772D
:1064E000DB69002BF4D1012384F83F302046FFF70D
:1064F000DFFF0023237710BD01222277DB69002B09
:10650000E6D184F83E202046FFF7D2FF0023237710
:1065100010BD04222277DB69002BD9D1012384F836
:106520004030D5E708222277DB69002BD0D1012348
:1065300084F84130CCE700BF704700BF10B5846BD2
:10654000636A834218D0A36A83420DD0E36A834210
:106550001AD0236B834204BF082323772046FFF71A
:10656000EBFF0023237710BD022323772046FFF79C
:10657000E3FF0023237710BD012323772046FFF795
:10658000DBFF0023237710BD042323772046FFF78A
:10659000D3FF0023237710BD704700BF03681A693B
:1065A000910710B5044602D5DA6892075FD41A69DC
:1065B000500702D5DA68510746D41A69120702D586
:1065C000DA6810072ED41A69D20602D5DA68D00626
:1065D00018D41A69D10702D5DA68D2075DD41A69CE
:1065E000100602D5DA6811065FD41A69520602D580
:1065F000DA68500661D41A69910602D5DA68920603
:1066000043D410BD6FF01001082219612277DB69B5
:1066100013F4407F204664D0FFF748FF0022236830
:106620002277D6E76FF00801042219612277DB692F
:106630009907204652D1FFF737FF2046FFF738FF72
:10664000002223682277BEE76FF00401022219615D
:1066500022779B6913F4407F20463CD1FFF724FF4B
:106660002046FFF725FF002223682277A5E76FF079
:1066700002010122196102779B699B0725D0FFF770
:1066800015FF00222368227791E76FF02002204651
:106690001A61BDE8104000F0A7B86FF001021A615E
:1066A0002046FBF7FFFA236899E76FF080021A6132
:1066B000204600F09BF8236897E76FF040021A61CC
:1066C0002046FFF769FF236895E7FFF7EDFE2046B8
:1066D000FFF7EEFED5E7FFF7E9FEC4E7FFF7E6FEBA
:1066E000AEE7FFF7E1FE2046FFF7E2FE96E700BFC8
:1066F000704700BF10B5846B636A83421CD0A36AE5
:1067000083420ED0E36A834220D0236B834228D099
:10671000012384F83D302046FFF7EAFF002323776A
:1067200010BD0123022284F83F3022772046FFF774
:10673000DFFF0023237710BD0123237784F83E3049
:106740002046FFF7D5FF0023237710BD0123042245
:1067500084F8403022772046FFF7CAFF00232377D2
:1067600010BD0123082284F8413022772046FFF72C
:10677000BFFF0023237710BD90F83C30012B2FD0B2
:106780000368022230B480F83D205A680D689C6886
:1067900022F070022A435A60124A934212D0B3F197
:1067A000804F0FD0A2F57C4293420BD002F580625D
:1067B000934207D002F58062934203D002F59A32E9
:1067C000934204D14A6824F0800414439C6000235F
:1067D000012280F83D2080F83C3030BC18467047DC
:1067E0000220704700000140704700BF704700BFA3
:1067F00084B082B00DF10C0C8CE80E00089A012ACE
:1068000003462CD1826B0F9922F480328263C268D6
:1068100022F4840222F04002C260C268012922F4FC
:106820004012C2605FD000223149009202E01A6932
:10683000002A2DDB009A01320092009A8A42F6D992
:106840000320069A012A07D19A6842F006029A604C
:106850009A6842F020029A6002B004B07047C268A1
:106860002349002042F04002DA60019002E01A69F8
:10687000002A25DB019A01320192019A8A42F6D957
:1068800003200C9ABAB99A6B42F480329A63D8E723
:10689000002200921A69164942F001021A6103E0CF
:1068A000186910F00100CCD0009A01320092009AD1
:1068B0008A42F5D9C4E79A6B22F480329A63C0E722
:1068C000002201921A690A4942F001021A6103E0AA
:1068D000186910F00100D4D0019A01320192019A96
:1068E0008A42F5D9CCE7C26842F48012C2609AE7C6
:1068F000400D0300022A03460BD04FF4105CD96808
:1069000021F47051D960DA6842EA0C020020DA60A2
:106910007047264A26480A44824232D9254A2648E8
:106920000A44824230D92548A1F57402A2F51052DA
:1069300082422CD92248A1F18372A2F5E742824219
:1069400028D3204A20480A44824226D91F4A204898
:106950000A44824224D31F4A1F480A448242CCD3AD
:106960001E48A1F1B772A2F5585282421BD31C4AAD
:106970001C480A44824234BF4FF4E05C4FF4C05CD0
:10698000BDE74FF4705CBAE74FF4605CB7E74FF4D3
:10699000505CB4E74FF4405CB1E74FF4305CAEE7D5
:1069A0004FF4205CABE74FF4005CA8E7405327FFAF
:1069B000FF340C00401E1BFF3F420F007F4F1200B0
:1069C00020D6130060B6E5FE5FE3160000D3CEFECE
:1069D00040771B00C05BB3FEC091210020753800DA
:1069E000E05459FEE09C4100034600209A6842F0C2
:1069F00001029A60704700BF034600209A6822F0A7
:106A000001029A60704700BF38B5C368012923F0BE
:106A1000C0430546C36018D0A9B9C36843F080439A
:106A20000C46C36001E0322C0DD00120FBF7C2FC04
:106A30006B69DB0704F10104F5D4A4F13200B0FA6C
:106A400080F0400938BD012038BDC36843F00053D1
:106A50000024C36001E0322CF5D00120FBF7AAFC32
:106A60006B69DA0704F10104F5D5A4F13200B0FA3C
:106A700080F04009E6E700BF84B02DE9F04383B021
:106A80000BAC159D84E80E000023C0F804310C46C1
:106A9000C0F80831C0F80C31C0F81031C0F814311A
:106AA000C0F81831C0F81C31C0F82031C0F82431CA
:106AB000C0F82831C0F82C31C0F83031C0F834317A
:106AC000C0F83831C0F83C31002D40F0AE80D0F82D
:106AD000043800F5006C43F00203CCF80430836BFB
:106AE00043F400138363836B23F400238363836B7A
:106AF00023F4802383630023C0F8003EDCF80030D9
:106B0000CCF80030109B012B00F0BE80DCF8003088
:106B100043F00303CCF800300023624A009303E003
:106B20000369002BC0F29D80009B01330093009B02
:106B30009342F5D9012100235A4A019302E00369E7
:106B4000002B7DDB019B01330193019B9342F6D91E
:106B500001210022CCF81020CCF81420CCF81C2005
:106B6000E4B100F5106317464FF090484FF000690C
:106B70004FF67F3E08E01F60013294421F61C3F868
:106B800008E003F1200332D01E68002EF3DA12B1C0
:106B9000C3F80080F0E7C3F80090EDE7DCF81030B0
:106BA00023F48073CCF8103000220E9B82616FF0CA
:106BB000804242611BB9836943F01003836182699B
:106BC000394B1343119A83611AB1836943F0080367
:106BD0008361012D05D1836943F0804343F00403B1
:106BE0008361084603B0BDE8F04304B0704700225B
:106BF00000F5306317464FF090484FF000694FF6AC
:106C00007F3E08E01F60013294421F61C3F808E034
:106C100003F12003C2D01E68002EF3DA12B1C3F8CC
:106C20000080F0E7C3F80090EDE7836B23F40013D6
:106C30008363836B43F4002300F5006C83635AE79E
:106C4000002301931023174A036103E00369DB0665
:106C50007FF57FAF019B01330193019B9342F5D9EF
:106C600076E7002300934FF484630E4A036104E047
:106C7000016911F020013FF45EAF009B01330093E6
:106C8000009B9342F4D955E70D9B23B9DCF8003003
:106C9000CCF8003040E7DCF8003043F00103CCF8DA
:106CA000003039E7400D030000383C8082B00023FB
:106CB000124A019302E00369002B08DB019B0133B8
:106CC0000193019B9342F6D9032002B070478901DA
:106CD000002341F020010193084A016103E00369A8
:106CE00013F0200306D0019B01330193019B9342D3
:106CF000F5D9E9E7184602B0704700BF400D030020
:106D0000D0F8083813F0060004D013F0020F14BFB7
:106D100002200F20704700BF30B44B780A78012B57
:106D200022D0D0F81C4802F00F0C4FF4803303FA45
:106D30000CF3234300EB4212C0F81C38D2F8003B9E
:106D40001B040ED4CB68D2F8000B0979C3F30A03F5
:106D5000034343EA814343F0805343F40043C2F8C2
:106D6000003B002030BC7047D0F81C5802F00F0CDC
:106D700003FA0CF300F500642B4300EB4210E361CF
:106D8000D0F800391C04ECD4CB68D0F8004909795C
:106D9000C3F30A03234343EA814343EA825242F0A6
:106DA000805242F40042C0F8002930BC00207047F5
:106DB00010B44A780B78012A00EB43122CD0D2F899
:106DC000001B00291BDBD0F83C484FF4803103F056
:106DD0000F0301FA03F324EA0304C0F83C48D0F897
:106DE0001C48224924EA0303C0F81C38D2F8003BAF
:106DF0005DF8044B19400020C2F8001B7047D2F820
:106E0000001B41F00061C2F8001BD2F8001B41F0EA
:106E10008041C2F8001BD6E7D2F8001900290BDA2E
:106E2000D2F8001941F00061C2F80019D2F8001937
:106E300041F08041C2F80019D0F83C1803F00F046B
:106E40000123A34021EA0301C0F83C18D0F81C48F4
:106E5000074924EA0303C0F81C38D2F800395DF86A
:106E6000044B19400020C2F8001970470078F3EF76
:106E7000007833EC2DE9F0414C7891F800C0012CFA
:106E80004FD000EB4C1C0CF530631C69E40CE4049F
:106E90001C611C6924F0FF5424F4C0141C618C692B
:106EA00074B3CD68784E2C44013CB4FBF5F4A4B225
:106EB00004FB05F506EAC4441E69CD6134431C6138
:106EC0001C69C5F312052543012A1D6124D00B79E5
:106ED000012B0CD1D0F8083813F4807FDCF8003B8C
:106EE0000CBF43F0005343F08053CCF8003BDCF878
:106EF000003B43F00443CCF8003B0020BDE8F081A8
:106F0000CC681D69C4F312042C431C611C69012A5E
:106F100044F400241C61DAD10A69002AD7D05A61EE
:106F2000D5E78E6900EB4C15DEB3D5F81039CF6884
:106F3000DB0CDB04C5F81039D5F8103923F0FF530A
:106F400023F4C013C5F810394F4BD5F8108906EB60
:106F5000070E0EF1FF3EBEFBF7FE03EACE4343EA07
:106F60000803C5F81039D5F81079C6F312033B436E
:106F7000C5F810390F79012F05F5106353D0012A98
:106F80006DD0D5F8003943F00443C5F80039D0F886
:106F900034380CF00F0C04FA0CF41C43C0F83448DD
:106FA000ABE7D5F8104924F0FF5424F4C014C5F819
:106FB0001049D5F8104944F40024C5F81049D5F813
:106FC0001049E40CE404C5F81049012A05F51063E2
:106FD0000F7939D0D5F80049012F44F00444C5F8A1
:106FE00000498AD1D0F8084814F4807F1C680CBF8F
:106FF00044F0005444F080541C60002A7FF47DAFBC
:10700000B6B20336B6083FF478AF0B6900EB0C3C20
:107010000CF5805C03EB860153F8042BCCF80020C0
:107020008B42F9D169E71C6924F0C0441C611C69DA
:10703000012A44F000541C6116D0D5F8004944F0F0
:107040000444C5F80049CDE74A695AB9012F0ED06A
:107050001A6842F004421A600020BDE8F0814A69D3
:10706000002AF5D05A61F1E74A69002AFAD1D0F82E
:10707000082812F4807F1A680CBF42F0005242F0D8
:1070800080521A60E4E700BF0000F81F4B78012B24
:10709000F0B40C7828D000EB441000F530631C6984
:1070A000E40CE4041C611C6924F0FF5424F4C014B3
:1070B0001C618C69ACB9CC681D69CC6145F40025B4
:1070C0001D611D69C4F312042C43012A1C6143D0C5
:1070D000D0F8003B43F00443C0F8003B0020F0BC74
:1070E0007047CC688C61E7E78D69002D39D000EBE3
:1070F000441CCE68DCF81039DB0CDB04CCF810390A
:10710000DCF8103923F0FF5323F4C013B542CCF858
:1071100010390CF5106352D91D698E6145F40025B4
:107120001D611F69C6F312053D43012A1D613CD054
:10713000DCF8003943F00443CCF80039002ECDD000
:10714000D0F8343804F00F02012494401C43C0F8F6
:1071500034480020F0BC70470A69002AB8D05A6150
:10716000B6E700EB4410012AD0F8105925F0FF557E
:1071700025F4C015C0F81059D0F8105945F4002571
:10718000C0F81059D0F810594FEAD5454FEAC54517
:1071900000F510631D6108D0D0F8003943F00443B6
:1071A000C0F80039F0BC002070474A6902B15A614A
:1071B0001A6842F004420020F0BC1A6070471E6951
:1071C00046F400261E611E69C5F312053543012AE7
:1071D0001D61EAD0DCF8003943F00443CCF80039F3
:1071E000AEE700BF4B7882B00022012B01920B78F2
:1071F00020D000F5306000EB43100368002B02DB69
:10720000002002B07047036843F000630360036826
:1072100043F0804342F21072036002E00368002BE7
:10722000EEDA019B01330193019B9342F6D90120D1
:1072300002B0704700F5106000EB43131A68002A93
:10724000DEDA1A6842F000621A601A6842F0804280
:1072500042F210711A6002E01A68002AD0DA019A2C
:1072600001320192019A8A42F6D9E0E710B49DF802
:10727000044064B903339B0809D0013200EB0230AB
:1072800001EB830351F8042B02608B42FAD10020FA
:107290005DF8044B704700BF5FEA920C70B505467D
:1072A00002F003061ED000F5805E0A46002301337B
:1072B000DEF8004042F8044B9C45F8D101EB8C000D
:1072C0007EB105F58055731E2A6802709BB23BB1F2
:1072D000012B4FEA122118BF120C417018BF8270A7
:1072E000304470BD0846EBE74A780B78012A00EB82
:1072F00043100CD0D0F8002B002A00DBD3B9D0F813
:10730000003B43F40013C0F8003B00207047D0F866
:107310000029002A06DB2BB1D0F8003923F0804386
:10732000C0F80039D0F8003943F40013C0F8003930
:1073300000207047D0F8003B23F08043C0F8003BAA
:10734000DDE700BF4A780B78012A00EB431013D029
:10735000D0F8003B23F40013C0F8003B0B79023B4C
:10736000012B01D900207047D0F8003B43F0805337
:10737000C0F8003B00207047D0F8003923F4001318
:10738000C0F800390B79023B012BEBD8D0F800395B
:1073900043F08053C0F8003900207047D0F800381F
:1073A00023F4FE63C0F80038D0F80038090101F476
:1073B000FE611943C0F8001800207047D0F8002E75
:1073C000034622F00302C3F8002ED3F8043800F578
:1073D000006123F0020300204B607047D0F8002EBC
:1073E000034622F00302C3F8002ED3F8043800F558
:1073F000006143F0020300204B60704742698069DE
:1074000010407047D0F8183800F50060C069184087
:10741000000C7047D0F8183800F50060C0691840BB
:1074200080B2704700EB411100F50060D1F8082BE5
:1074300040691040704700BFD0F81028D0F83438A9
:1074400000EB411001F00F01CB40DB01D0F808093F
:10745000DBB2134318407047406900F001007047E9
:10746000D0F80029034622F4FF6222F00702C3F895
:107470000029D3F8043800F5006143F4807300203C
:107480004B60704710B4144B046C9C421AD800F542
:10749000306000230361036943F40023036103693F
:1074A00043F0180303610369012943F0C0430361FA
:1074B00004D14261036843F08023036000205DF83B
:1074C000044B7047D0F8003B002B00F53060E0DA49
:1074D00000205DF8044B70470A30544F08B500F0A7
:1074E000DBFC18491848002200F090FE70B91749DB
:1074F000154800F09DFE88B91549134800F042FB7D
:10750000A0B9114800F0BAFEB8B908BDFAF7D4FB2B
:107510000E490D4800F08CFE0028EDD0FAF7CCFBA8
:107520000B49094800F02EFB0028EAD0FAF7C4FB0B
:10753000054800F0A3FE0028E7D0BDE80840FAF7B0
:10754000BBBB00BFDC010020482700200C0300204B
:10755000C8010020002070470020704708B5044A89
:10756000044902EBC01200F023FB002008BD00BF5D
:107570006C2A002048270020202922D021292CD144
:10758000174B53F83010117010B453F830404FEAD5
:10759000142C82F801C053F830404FEA144C82F8A2
:1075A00002C003EBC00153F830305DF8044B1B0EF2
:1075B000D3700B7913714B7953718B7993710020D0
:1075C0007047074B116843F8301003EBC000137984
:1075D000037153794371937983710020704700BF21
:1075E000642A002070B506460C4615460A4617491F
:1075F00000F0DEFA3046164E144900F00BFB3168FD
:10760000402910D02A685AB11249601E034610F86A
:10761000012F01F8012B02332A681B1B9A42F5D86F
:107620003260002070BD2B6863B10B48621E1346A8
:1076300012F8011F00F8011F023329681B1B994231
:10764000F5D840313160002070BD00BF48270020D0
:10765000281F0020281E0020671E002038B50B4D73
:107660004FF4077303FB0055D5F814320BB101201A
:1076700038BD8C46044613460549624600F08AFA36
:1076800020460349BDE8384000F09EBAEC2C0020AB
:1076900048270020122301480B807047F801002082
:1076A000042301480B8070470C02002010B5044CE5
:1076B00004480A46214601F0CBF9204610BD00BF20
:1076C000EC2A0020A8B8000810B5044C04480A466B
:1076D000214601F0BDF9204610BD00BFEC2A002074
:1076E000B4B8000810B5044C04480A46214601F01D
:1076F000AFF9204610BD00BFEC2A0020CCB800082E
:1077000010B5044C04480A46214601F0A1F9204670
:1077100010BD00BFEC2A0020DCB80008454AD2F8B2
:10772000100AD2F8183A4FF01A0CC318A1F800C08A
:1077300001D141487047D2F8141A3F4A180FB3F1EB
:10774000204F2CBF373030309070C3F303600928CE
:107750008CBF373030301071C3F3035009288CBF11
:10776000373030309071C3F3034009288CBF373075
:1077700030301072C3F3033009288CBF37303030FB
:107780009072C3F3032009288CBF37303030107358
:10779000C3F30310092803F00F038CBF37303030D8
:1077A000092B94BF3033373313740023B1F1204FCA
:1077B00053744FEA11732CBF373330339374C1F3D2
:1077C0000363092B8CBF373330331375C1F3035375
:1077D000092B4FF0000C8CBF3733303382F803C0D5
:1077E0004FF0000C82F805C090734FF0000C0020A1
:1077F0009375C1F30343092B82F807C0D0734FF090
:10780000000C4FF0000094BF3033373382F809C0CA
:10781000D0744FF0000C002082F80BC050754FF070
:10782000000C002013760023D07582F80DC00248AA
:10783000537670470070FF1F1002002038B5D0F853
:10784000BC3223B1084C94F80012FF2901D100206A
:1078500038BD9D6894F8013222460020A847FF23D6
:1078600084F80032002038BDEC2C00204B2303802C
:1078700000487047680200204B230380004870478F
:10788000B40200200A230380004870470003002050
:1078900010B5044601F06AFA064AD4F8BC32D2F8B0
:1078A0000412DB68C2F80C0202F50372002098474C
:1078B000002010BDEC2C002001EB810C00EB8C0CA7
:1078C00038B5DCF818400B46024664B1D0F81053C6
:1078D00001EBC10E05EB8E0EDEF84850B4FBF5FE51
:1078E00005FB1E4474B1D2F8BC220A491469002079
:1078F000C1F8140224B101F50472D1F80812A047AE
:10790000002038BDCCF818402346224601F012FA78
:10791000002038BDEC2C0020F0B50B7883B0002798
:1079200013F060050C468DF80570ADF8067006463C
:1079300024D0202D1AD1CD88002D3DD01B0655D541
:10794000D0F8BC2249782B4638469568304AA8477B
:10795000E2882F49072A28BF0722304601F0A2F803
:107960003D4608E090F89C32032B4AD02146304631
:1079700001F062F80325284603B0F0BD4F780B2FC5
:10798000F4D801A353F827F0657900087779000847
:107990006D7900086D7900086D7900086D7900082F
:1079A0006D7900086D7900086D7900086D7900081F
:1079B000D9790008CF790008D0F8BC222B46966808
:1079C00028460A464978B047284603B0F0BD90F8EB
:1079D0009C32032BCFD0C9E790F89C32032BC5D142
:1079E00001220DF1050101F05DF8C4E70849637853
:1079F00081F800322A4681F8015201F069F83D46CB
:107A0000B9E702220DF1060101F04CF83D46B2E75C
:107A1000EC2C002070B5184D184E2978044601F062
:107A20003DF92B78317803F00F0303EB830304EB6C
:107A3000830300259D84204601F030F93378104EF1
:107A400003F00F0303EB830304EB83033178A3F804
:107A50006451204601F022F93378D4F8BC2203F0B7
:107A60000F0303EB830304EB83042846536865622A
:107A70009847284670BD00BF142F0020182F002003
:107A8000082F0020F8B5037C374D0446002B4ED15B
:107A90002978364E4FF40073022201F0EFF82B786C
:107AA000334D03F00F0303EB830304EB8303012740
:107AB00029789F844FF400730222204601F0DEF8FB
:107AC00031782B7801F00F0203F00F0303EB8303EF
:107AD00002EB820204EB830304EB82021020A3F882
:107AE0006471D08408230322204601F0C7F833785C
:107AF000D4F8BC2203F00F0303EB830304EB8303EE
:107B0000012112689984002090471A4B0022C3F883
:107B10001422C3F81822227CE2B9D3F8042229786F
:107B20004FF40073204601F013F90020F8BD2978C6
:107B30000E4E4023022201F0A1F82B780C4D03F0E9
:107B40000F0303EB830304EB830301279F8429784E
:107B50004023B1E7D3F8042229784023204601F0DE
:107B6000F7F80020F8BD00BF142F0020082F0020D8
:107B7000182F0020EC2C00204B2303800048704776
:107B80006802002019B1C0F8BC1200207047032021
:107B9000704700BF05494FF4077C0CFB0010C0F88C
:107BA0000822C0F810320020704700BFEC2C0020E3
:107BB000044B4FF4077101FB0030C0F80422002091
:107BC000704700BFEC2C0020104A4FF4077303FBF2
:107BD000002210B5D2F814420CB1012010BD0123CF
:107BE000C2F814320A4B8C46195CD2F81032D2F823
:107BF000082201F00F0000EB80000CEB8000836195
:107C0000604601F097F8204610BD00BFEC2C002024
:107C1000142F002008B50A7C0B467AB90F4A104988
:107C20004FF4077C0CFB0022095CD2F804221846B2
:107C30004FF4007301F08CF8002008BD074A084992
:107C40004FF4077C0CFB0022095CD2F80422184692
:107C5000402301F07DF8002008BD00BFEC2C00207F
:107C6000182F002010B4134C80F846302370124BAC
:107C70009DF804C083F800C0104B114C1970114BD3
:107C8000C172C17480F82B100F491A7080F823203C
:107C90009DF80C3080F82C2080F836209DF80820C4
:107CA00022700B705DF8044B80F82FC0437680F88B
:107CB0003F207047142F0020082F00200C2F002099
:107CC000182F0020102F00201C2F002038B5064B45
:107CD0001B6804460D469847044B29461B682046FE
:107CE0009847002038BD00BF2C020020A0030020D0
:107CF00038B5064B5B6804460D469847044B294649
:107D00005B6820469847002038BD00BF2C02002049
:107D1000A003002008B5024B1B699847002008BD4E
:107D20002C0200200020704700207047642303804D
:107D300000487047842F0020642303800048704768
:107D4000202F00200A2303800048704748030020AA
:107D5000154B1B788B421DD330B5144B14461A7843
:107D600085B000238A42CDE90033CDE902330D46C8
:107D700009D10F4A1021684603F008F80D49224640
:107D8000684600F065FE0C4B1B78AB4204D00948F6
:107D900005B030BD0020704706490848224600F073
:107DA00057FE044805B030BD520300201C2F0020B0
:107DB000F0B80008E82F00202930002000B90008A2
:107DC00010B5104A91F804C092F800E0E6450B4661
:107DD000024604D00C4C94F800E0E64506D10B486E
:107DE0001946BDE81040836810461847084B1B78B9
:107DF000634501D0032010BD064BBDE810409B68D1
:107E0000184700BF0C2F0020102F00202C0200204C
:107E100028300020A00300200E4B1A7802F07F02C9
:107E200091420B46844605D00B4A127802F07F023D
:107E3000914204D1094A1946604653691847084AD5
:107E4000127802F07F028A4201D003207047054B6E
:107E50005B691847142F0020082F00202C020020F7
:107E600053030020A0030020044B1B788B4202D157
:107E7000034B9B6918470320704700BF182F002051
:107E80002C020020002070470020704764230380EC
:107E900000487047842F00202DE9F0473A4F3B4CB3
:107EA000FB6ADFF8FCA086B00026ADF816600DF185
:107EB00016009847237805463146812200F092F952
:107EC00005F10901BDF81620314D093A05F1090007
:107ED00002F046FFBB6A0DF1160098472378314641
:107EE00081222C4E074600F07DF9BDF8162007F1DF
:107EF0000901093A06F1090002F032FF2378013343
:107F000023700DF11600DAF82C30984701272378FA
:107F100001974FF08309029339468223CDF80090F0
:107F200002228046FFF79EFEBDF8162008F10901E7
:107F3000093A05F1220002F013FFDAF828300DF1BA
:107F40001600984723780293CDE90097394682239B
:107F500002220746FFF786FEBDF8162007F1090149
:107F6000093A06F1220002F0FBFE23780A490B4A87
:107F7000013323703223C6E90012C5E900123372BF
:107F80002B7206B0BDE8F087A0030020520300204A
:107F9000202F0020842F002009026400030100C06C
:107FA0002C0200202223038000487047DC030020BD
:107FB000222303800048704700040020D0F8D42218
:107FC00000231846137370470A2303800048704744
:107FD0009403002030B5D0F8D43283B00022ADF83D
:107FE0000620002B59D00C7814F0600422D0202CED
:107FF00005D000F021FD0324204603B030BD4A78AF
:10800000023A092AF5D801A454F822F08F8000081A
:1080100083800008F37F0008F37F0008F37F0008E7
:10802000F37F0008F37F0008F37F000879800008E1
:10803000718000084D780B2DDBD801A252F825F095
:10804000B1800008F97F0008F37F0008F37F000883
:10805000F37F0008F37F0008C7800008F37F000863
:10806000F37F0008F37F0008E3800008A380000886
:108070008A781A600024BFE74A88120A00245A60EE
:10808000BAE70122194600F00DFD0024B4E70122F1
:10809000191D00F007FD0024AEE70324204603B0BD
:1080A00030BD90F89C22032AA3D18A789A60A3E776
:1080B00090F89C32032B9CD102220DF1060100F0B6
:1080C000F1FC2C4698E74B881B0A222B11D0212B60
:1080D0008FD1CA880A49092A28BF092200F0E2FC88
:1080E0008AE790F89C22032A83D1012203F1080138
:1080F000F4E7CA8803493F2A28BF3F22EEE700BFC2
:10810000240400205403002038B50A4D2978044681
:1081100000F0C4FD2B78D4F8D41203F00F0303EB66
:10812000830304EB830300225A6209B1C4F8D4220A
:10813000002038BD5303002070B5154E037C154D4B
:108140003178C0F8D4520446C3B901F00F0303EBF1
:10815000830300EB83030722DA84082303222046EB
:1081600000F08CFD337803F00F0303EB830304EB83
:10817000830400200123A384287370BD01F00F0342
:1081800003EB830300EB83030A22DA84E5E700BFF5
:10819000530300202C300020222303800048704726
:1081A000DC03002038B5D0F8D452ADB190F89C3241
:1081B000032B02D00024204638BD2C7B002CF9D1A3
:1081C00013460A4606494FF0010C097885F80CC0A1
:1081D00000F0B0FD204638BD0324204638BD00BF66
:1081E0005303002010B4064C4277C17243742270CE
:1081F0000448054A017013705DF8044B704700BFD6
:1082000053030020283000202930002068B10023CB
:10821000C0F8B832C0F8183309B1C0F8B41201235D
:1082200080F89C32027000F0E1BC0320704700BF70
:1082300070B582B00026ADF80660D1B1057CC0F8FB
:10824000B812044655B1CD6A2DB10DF10600A8470C
:108250003546C4F81803284602B070BD8B6A002B5F
:10826000F9D00DF106009847C4F81803284602B06B
:1082700070BD0325284602B070BD00BF00F0F0BC01
:10828000D0F8B8320BB11B6818470320704700BF05
:1082900008B5D0F8B8320BB15B689847002008BD2C
:1082A00038B5044600F2AA25284600F0B9FB94F838
:1082B000AA12B4F8B022C4F898220123C4F8943268
:1082C00001F01F03012B09D0022B13D063B120460C
:1082D00001F08001BDE8384000F0EEBC29462046A0
:1082E000BDE8384000F0D2BA29462046BDE8384003
:1082F00000F022B929462046BDE8384000F0F6BA21
:1083000010B5044631B91346D0F89422032A0DD093
:10831000002010BD90F89C32032BF9D1D0F8B83270
:108320009B69002BF4D0BDE810401847D0E95712E4
:10833000914208D890F89C32032B0ED0204600F0D2
:10834000DDFB002010BD891A8A4228BF0A46C0F80A
:108350005C11194600F0CAFBDAE7D0F8B8321B69A5
:10836000002BEBD09847E9E770B5044651B91346A6
:10837000D0F89422022A11D094F8A032012B22D0F6
:10838000002070BD90F89C32032BF9D1D0F8B832A0
:108390005B69002BF4D0BDE870401847D0E9072690
:1083A000B2420D4614D81FD094F89C32032B28D02B
:1083B0008021204600F080FC204600F0ABFB94F8C2
:1083C000A032012BDCD1002384F8A032002070BD44
:1083D000921BC261194600F073FB2B462A462946C0
:1083E000204600F0B5FCC7E783699A42DCD8D0F894
:1083F00098229342D8D20A4600F062FBC4F8985201
:10840000EBE7D4F8B832DB68002BD1D02046984790
:10841000CEE700BFD0F8B8320021012280F89C22BC
:108420004160C0F89412C0F8A412D3B15B6870B573
:10843000044603B198474025002211462B460126E9
:10844000204600F01BFCA4F86461C4F860512B4680
:1084500000228021204600F011FCA6842562002025
:1084600070BD0320704700BF01740020704700BF3B
:1084700090F89C2203460421D2B283F89D2200206A
:1084800083F89C12704700BF90F89C32042B04D1F3
:1084900090F89D32DBB280F89C320020704700BF1C
:1084A000D0F8B8225AB108B590F89C32032B01D00D
:1084B000002008BDD36923B19847002008BD0320E0
:1084C0007047184608BD00BFD0F8B8225AB108B5A9
:1084D00090F89C32032B01D0002008BD136A23B111
:1084E0009847002008BD03207047184608BD00BF0C
:1084F000D0F8B8225AB108B590F89C32032B01D0BD
:10850000002008BD536A23B19847002008BD03200E
:108510007047184608BD00BF00207047D0F8B82249
:10852000012180F89C122AB108B552680179904760
:10853000002008BD00207047F0B50C7804F06004FE
:10854000202C83B00E4605460ED0402C0CD0A4B192
:108550008021284600F0B0FB0021284600F0ACFB4B
:108560000024204603B0F0BDD5F8B8329B683146F0
:10857000284603B0BDE8F04018474F78092FE7D8E8
:1085800001A353F827F000BFE9850008178600080B
:108590005185000835860008518500083D86000891
:1085A000758600085185000891860008B18500088D
:1085B0008E78B04F012E3E7000F2398190F89C32D7
:1085C000022BDAB200F02181032A00F0FB80802127
:1085D00000F072FB0021284600F06EFB3978284637
:1085E000FFF756FE0324BCE790F89C32013B022BB8
:1085F00066D8CB88022B63D1D0F8A4320122C260A6
:108600000BB10323C360022205F10C01284600F0E0
:1086100049FA3C46A5E790F89C32013B022B4FD823
:108620004B88012B9DD10023C5F8A432284600F0C9
:1086300065FA96E74B88012B93D1F5E78B88002BE1
:108640003ED1CB88002B3BD14E887F2E38D890F876
:108650009C32032B34D0F1B280F89E1200F05CFB08
:10866000284600F04BFA002E00F0FF80022385F828
:108670009C3276E74A880023ADF80630130A013BA6
:10868000062B1DD8DFE803F06D604D1C1C4327004E
:10869000CA88012A14D190F89C120229CBB200F2A8
:1086A0008A80002B3FF454AF0146002341F8083F75
:1086B00000F0F8F955E7D0F8B4325B68002B5DD1D3
:1086C0008021284600F0F8FA0021284600F0F4FA4C
:1086D000204603B0F0BD037C002BF1D1D0F8B832B6
:1086E0000DF106001B6B984707234370F288002AA0
:1086F0009CD0BDF80630002BE2D09A4228BF1A4623
:1087000001462846ADF8062000F0CCF929E7037CA5
:10871000002BD5D1D0F8B8320DF106005B6B98472D
:10872000E4E7D1B2052900F2A78001A353F821F0B4
:10873000B7860008AB8700089F8700088787000876
:108740007387000893870008037C002B40F0848027
:10875000D0F8B8320DF106009B6A984702234370A7
:10876000C4E7D0F8B432007C1B680DF106019847CD
:10877000BCE7D0F8B4325B69002BA1D0287C0DF1A6
:1087800006019847B2E7D0F8B4321B69002BF5D147
:1087900096E7D0F8B4329B69002BEFD190E7D0F880
:1087A000B432DB68002BE9D18AE7D0F8B4329B6899
:1087B000002BE3D184E7032B7FF4CAAE011D00F048
:1087C00071F9CEE6002E3BD0416801293FF42EAF6F
:1087D000C9B2FFF75DFD397869602846FFF750FDA3
:1087E000064600283FF422AF8021284600F064FAB4
:1087F0000021284600F060FA29792846FFF748FD55
:10880000022385F89C323446ABE6002E3FF40EAFCF
:1088100001214160FFF734FD044600287FF450AF8A
:10882000284600F06BF9032385F89C3299E68021F5
:1088300000F042FA0021284600F03EFA032490E6B8
:108840000223314680F89C324660FFF721FD28461E
:1088500000F054F9344684E6D0F8B8320DF1060041
:10886000DB6A98470223437040E7012385F89C3276
:1088700077E600BF3C300020D0F8B8329B6B002B6D
:108880003FF41EAF0DF1060298472FE738B50B787D
:1088900003F06002402A0D4604460BD05B0609D562
:1088A000802100F009FA0021204600F005FA002599
:1088B000284638BD94F89C32013B022B12D82B7904
:1088C0000F2B0FD8D4F8B83229469B68204698471A
:1088D000EB880546002BEBD10028E9D1204600F0BB
:1088E0000DF9E5E780212046DBE700BF70B50B7886
:1088F00003F06003202B0D4604461BD0402B19D0FB
:1089000003B38021204600F0D7F90021204600F073
:10891000D3F9002070BD90F89C32022BDAB253D00C
:10892000032AEED16B88002BF3D14E066FD120467F
:1089300000F0E4F8D4F8B832294620469B68BDE838
:10894000704018476B788A88012BD1B2E3D0032B93
:1089500029D0002BD5D190F89C32022BD8B23CD034
:108960000328CED101F00F0303EB8303120604EBBF
:10897000830341D4B3F86431002BC2D001F07F03EC
:10898000142505FB034505F5AA752BB1204600F01B
:10899000AFF900283ED001232B6002222946204651
:1089A00000F080F8B5E790F89C32022BDAB20BD0D9
:1089B000032AA6D16B881BB94A0601D0EB885BB3AA
:1089C000204600F09BF8A4E74B069AD000F074F91B
:1089D0008021204600F070F99BE7480691D11106EE
:1089E0004CBF04F1140104F5AA7100230B600222AC
:1089F000204600F057F88CE79B8C002B81D001F0CB
:108A00007F035D1C05EB850504EB8505BDE700F0E4
:108A100061F98CE72860C0E700F04EF9D0E700BFAD
:108A20000B7803704B7843704B8843808B8883802E
:108A3000CB88C380704700BF10B58021044600F08A
:108A40003BF920460021BDE8104000F035B900BFD9
:108A500018B3037830B40BB30446C0F1010C04EB37
:108A60000C0314F8015FDBB2002DF8D101335B0079
:108A7000DCB2138003230C704B7004785CB10223CA
:108A800000255A1CD2B2CC548D5410F8014F023339
:108A9000DBB2002CF5D130BC70477047022423466E
:108AA000E7E700BF08B513460A460221C0E90633CE
:108AB000C0F89412002100F03DF9002008BD00BF6D
:108AC00008B513460A46002100F034F9002008BD1D
:108AD00008B513460A460321C0E95633C0F894127C
:108AE000002100F035F9002008BD00BF08B513468D
:108AF0000A46002100F02CF9002008BD08B5042129
:108B00000023C0F894121A46194600F013F9002009
:108B100008BD00BF08B505210023C0F894121A460D
:108B2000194600F015F9002008BD00BF00F2C4414D
:108B3000D0F80805FFF7B4BB01EBC10300EB8303DA
:108B4000D0F80805D3F88C22FFF7DABB01EBC1039C
:108B500000EB8303D0F80805DA6CFFF705BC00BF13
:108B6000D0F80805FFF79CBCC168022910B504467F
:108B70000ED049B9D4F80805FFF776FCD4F80805FB
:108B8000BDE81040FFF746BCF9F796F80121F1E780
:108B90000121EFE710B50446D0F80805FFF768FC9F
:108BA0002268D2F8003E43F00103C2F8003E236A77
:108BB00023B1034A136943F00603136110BD00BFDC
:108BC00000ED00E0D0F80805FFF75EBCD0F808051E
:108BD000FFF78EBCD0F80805FFF776BCD0F8080583
:108BE000FFF79ABCD0F80805FFF798BC38B5174CCA
:108BF000174B236005780DB1002038BDC3F8080578
:108C00008021C0F810331846FCF702FE2946206880
:108C10001022FCF7D3FD0F4B20681978102201F0C9
:108C20007F01FCF7CBFD0C4B20681978202201F066
:108C30007F01FCF7C3FD094B20681978102201F071
:108C40007F01FCF7BBFD002038BD00BF4030002095
:108C50003822002053030020142F0020082F00206A
:108C600008B5D0F81003FBF7A7FE032896BF024B08
:108C70000320185C08BD00BF14B90008944608B56D
:108C80001A46D0F810036346FCF756FC032896BF3B
:108C9000014B0320185C08BD14B9000808B5D0F8D2
:108CA0001003FCF787FC032896BF024B0320185CD7
:108CB00008BD00BF14B9000808B5D0F81003FCF7D0
:108CC00001FD032896BF024B0320185C08BD00BFBE
:108CD00014B9000808B5D0F81003FCF737FD0328D5
:108CE00096BF024B0320185C08BD00BF14B90008F2
:108CF0000A06D0F8103306D401EBC10103EB810161
:108D000091F87E02704701F07F0101EBC10103EB96
:108D1000810191F83E00704708B5D0F81003FCF7C8
:108D2000F7FB032896BF024B0320185C08BD00BF69
:108D300014B9000808B5D0F81003FCF79BFC032811
:108D400096BF024B0320185C08BD00BF14B9000891
:108D500008B5D0F81003FCF75BFC032896BF024B64
:108D60000320185C08BD00BF14B90008D0F8100338
:108D7000FCF776BC08B54FF0E0231B6901F0D0FA90
:108D8000012800D108BDBDE8084001F0DBBD00BFEF
:108D9000EFF305832BB9064B186828B901221A6036
:108DA00070476FF0050070474FF0FF30704700BF0D
:108DB000A032002010B5EFF3058474B9084B1A688F
:108DC000012A07D107490222CC771A6001F078F80E
:108DD000204610BD4FF0FF3010BD6FF0050010BDF4
:108DE000A032002000ED00E0F0B587B00024154669
:108DF0000594EFF30582EAB950B3F5B1AB695BBBFB
:108E000018236A68D20723D46E694EB34FEA960CD2
:108E1000AC682F684CB3EA685B2A19D92D69BDB1DB
:108E2000B6B1CDE90154009362460B46394600F0D5
:108E300085FF0446204607B0F0BD8022182305AC0C
:108E4000009301940B46294600F0B2FF01280AD096
:108E50000024204607B0F0BD5C1E372CD1D9F7E7BF
:108E60004FF0800CD4E7059CE4E7EE68002EE1D1DA
:108E70002D69002DDED11FFA8CF23D46DFE700BFE1
:108E800010B5EFF305842CB900B910BD00F0C2FF96
:108E9000204610BD6FF0050010BD00BF044B0360FD
:108EA00010B48023034C0C605DF8044B13607047D2
:108EB0004432002044300020054B036010B44FF4CE
:108EC0008073044C0C605DF8044B1360704700BF66
:108ED000A4360020A432002000F108034FF0FF3137
:108EE0000022C0E90131C0E903330260704700BFCE
:108EF00000230361704700BF43689A688A60026874
:108F000010B49C684B600132616099605DF8044B5D
:108F100008610260704700BF30B40D686B1C10D050
:108F200000F108031C465B681A68AA42FAD9026875
:108F30004B60013299608C606160086130BC0260F6
:108F4000704704696368F2E7036910B4D0E901125D
:108F50005C688A608442516008BF5A601A685DF894
:108F6000044B0021013A01611A601868704700BF84
:108F700070B50446006CA66B20B925684DB3013668
:108F8000A66370BD154602467DB9606801F0E8FE33
:108F90006368226C1344A2686360934224BF236811
:108FA000636001362846A66370BDE06801F0D8FE14
:108FB000226CE36851429B1A2268E360934202D21A
:108FC000A3680B44E360022D08D001360020A6639D
:108FD00070BDA06801F0B4F9A560D0E7012E38BFDC
:108FE00001260020CCE700BF30B583B09DF81840C3
:108FF00040B94FF0500383F31188BFF36F8FBFF375
:109000004F8FFEE71D467BB102B3B1B150230193F0
:10901000019B502B27D04FF0500383F31188BFF3EF
:109020006F8FBFF34F8FFEE74FF0500383F311882C
:10903000BFF36F8FBFF34F8FFEE74FF0500383F303
:109040001188BFF36F8FBFF34F8FFEE7002935D133
:1090500050220192019A502ADDD1012285F8462042
:10906000019B2A4604E04FF0010C019B85F846C0A5
:10907000C5E90F012A6001F0FDFBD5E90F12286850
:10908000686002FB01F18A1A0144A96000210244D0
:10909000A963FF2185F84410EA6085F8451005F1C1
:1090A0001000FFF719FF05F12400FFF715FF01F08D
:1090B00003FC284685F84C4003B030BD4FF0500308
:1090C00083F31188BFF36F8FBFF34F8FFEE700BFAD
:1090D0002DE9F04385B00192002800F0A480884675
:1090E0001F460446002900F09180022F0BD1E36B4C
:1090F000012B08D04FF0500383F31188BFF36F8F1B
:10910000BFF34F8FFEE701F00BF90546002800F092
:109110009380002504F1240601F0ACFBA26BE36B05
:109120009A42C0F0EF80022F00F0EC8001980028F6
:1091300000F00181002D00F0E18001F0BDFB00F0A6
:109140004DFF01F097FB94F84430FF2B04BF002340
:1091500084F8443094F84530FF2B04BF002384F892
:10916000453001F0A9FB01A902A801F08BF8002805
:1091700040F0E68001F07EFBA26BE36B9A4268D080
:1091800001F09AFB01F076FB94F8452055B2002DD2
:1091900004DC11E06A1ED3B255B26BB1636A30468B
:1091A00053B101F01BF80028F4D001F0B3F86A1EA7
:1091B000D3B255B2002BF1D1FF2384F8453001F032
:1091C0007BFB01F057FB94F8442055B2002D14DDD1
:1091D00004F1100903E06A1ED3B255B26BB12369E2
:1091E000484653B100F0FAFF0028F4D001F092F89D
:1091F0006A1ED3B255B2002BF1D1FF2384F844305C
:1092000001F05AFB00F0F2FE012585E7036C002B0C
:109210003FF46BAF4FF0500383F31188BFF36F8FB0
:10922000BFF34F8FFEE74FF0500383F31188BFF376
:109230006F8FBFF34F8FFEE7019B002B3FF46AAFA8
:109240004FF0500383F31188BFF36F8FBFF34F8F3D
:10925000FEE704F1100901F02FFB0199484600F0E8
:109260002FFF01F007FB94F845305DB2002D04DCC0
:1092700011E06B1EDAB25DB26AB1636A304653B177
:1092800000F0ACFF0028F4D001F044F86B1EDAB215
:109290005DB2002AF1D1FF2384F8453001F00CFBC8
:1092A00001F0E8FA94F844305DB2002D04DC11E0DE
:1092B0006B1EDAB25DB26AB12369484653B100F061
:1092C0008DFF0028F4D001F025F86B1EDAB25DB2F4
:1092D000002AF1D1FF2384F8443001F0EDFA00F0C8
:1092E00085FE002890D14FF0E0234FF08052C3F864
:1092F000042DBFF34F8FBFF36F8F85E702A800F0F7
:10930000B5FF1AE73A4641462046FFF731FE636A49
:10931000002B53D148B14FF0E0234FF08052C3F8F7
:10932000042DBFF34F8FBFF36F8F01F0C5FA0120FB
:1093300005B0BDE8F083009001F0BEFA0098F7E7B1
:1093400001F098FA94F845305DB2002D10DD04F17B
:10935000240603E06B1EDAB25DB24AB1636A30469E
:1093600033B100F03BFF0028F4D000F0D3FFF1E769
:10937000FF2384F8453001F09FFA01F07BFA94F85E
:1093800044305DB2002D10DD04F1100603E06B1EC9
:10939000DAB25DB24AB12369304633B100F01EFF44
:1093A0000028F4D000F0B6FFF1E7FF2384F8443042
:1093B00001F082FA00F01AFE0020B9E704F124005F
:1093C00000F00CFF0028B0D0A5E700BF2DE9F04366
:1093D00085B00192002800F05F810F460446002905
:1093E00000F0948000F09CFF002800F09C8001F0C9
:1093F00041FAA56B002D72D1019B002B00F0F1808A
:1094000002A800F033FFA84604F1240601F054FA44
:1094100000F0E4FD01F02EFA94F84430FF2B08BF71
:1094200084F8448094F84530FF2B08BF84F84580C9
:1094300001F042FA01A902A800F024FF00287FD120
:1094400001F018FAA36B002B00F0D18001F034FA80
:1094500001F010FA94F845305DB2002D04DC11E003
:109460006B1EDAB25DB26AB1636A304653B100F086
:10947000B5FE0028F4D000F04DFF6B1EDAB25DB2ED
:10948000002AF1D1FF2384F8453001F015FA01F0EC
:10949000F1F994F844305DB2002D14DD04F11009A7
:1094A00003E06B1EDAB25DB26AB12369484653B17C
:1094B00000F094FE0028F4D000F02CFF6B1EDAB20E
:1094C0005DB2002AF1D1FF2384F8443001F0F4F9B1
:1094D00000F08CFD01F0CEF9A56B002D7DD0226C43
:1094E00052B1E168A36811449942E16024BF216848
:1094F000E160384601F034FC013DA5632369002B8F
:1095000040F0D38001F0D8F901206DE0036C002B0E
:109510003FF468AF4FF0500383F31188BFF36F8FB0
:10952000BFF34F8FFEE7019B002B3FF460AF4FF07E
:10953000500383F31188BFF36F8FBFF34F8FFEE7A4
:1095400001F098F994F845305DB2002D04DC11E08B
:109550006B1EDAB25DB26AB1636A304653B100F095
:109560003DFE0028F4D000F0D5FE6B1EDAB25DB2ED
:10957000002AF1D1FF2384F8453001F09DF901F074
:1095800079F994F844305DB2002D14DD04F110092E
:1095900003E06B1EDAB25DB26AB12369484653B18B
:1095A00000F01CFE0028F4D000F0B4FE6B1EDAB20E
:1095B0005DB2002AF1D1FF2384F8443001F07CF938
:1095C00000F014FD01F056F9A36B53B101F074F9EA
:1095D00001F050F9A56B002D81D1019B002B7FF488
:1095E00015AF01F069F9002005B0BDE8F08301F086
:1095F00063F90199304600F063FD01F03BF994F8FE
:1096000045305DB2002D04DC11E06B1EDAB25DB2B4
:109610006AB1636A304653B100F0E0FD0028F4D02F
:1096200000F078FE6B1EDAB25DB2002AF1D1FF23A2
:1096300084F8453001F040F901F01CF994F8443009
:109640005DB2002D14DD04F1100903E06B1EDAB2E7
:109650005DB26AB12369484653B100F0BFFD0028EE
:10966000F4D000F057FE6B1EDAB25DB2002AF1D1E1
:10967000FF2384F8443001F01FF900F0B7FC002804
:10968000A6D14FF0E0234FF08052C3F8042DBFF372
:109690004F8FBFF36F8F9BE74FF0500383F3118819
:1096A000BFF36F8FBFF34F8FFEE704F1100000F0A0
:1096B00095FD00283FF426AF4FF0E0234FF0805295
:1096C000C3F8042DBFF34F8FBFF36F8F1AE700BFAE
:1096D000124B1A687AB19A6862B11A6992B19A69A2
:1096E00092B11A6A92B19A6A92B11A6B92B19A6B5C
:1096F00092B17047012203EBC20C43F83210CCF850
:10970000040070470222F6E70322F4E70422F2E79E
:109710000522F0E70622EEE70722ECE700370020FB
:1097200070B505460E46144601F0A4F895F844308D
:10973000FF2B04BF002385F8443095F84530FF2BFC
:1097400004BF002385F8453001F0B6F8AB6B002B61
:1097500043D001F08FF895F845305CB2002C14DD51
:1097600005F1240603E0631EDAB25CB26AB16B6AEB
:10977000304653B100F032FD0028F4D000F0CAFDAD
:10978000631EDAB25CB2002AF1D1FF2385F84530BE
:1097900001F092F801F06EF895F844305CB2002CBC
:1097A00014DD05F1100603E0631EDAB25CB26AB1A3
:1097B0002B69304653B100F011FD0028F4D000F0C1
:1097C000A9FD631EDAB25CB2002AF1D1FF2385F84D
:1097D0004430BDE8704001F06FB82246314605F1D3
:1097E000240000F0B1FCB4E72DE9F843054601F090
:1097F00041F8344A344E1368013313603368002B48
:1098000032D0324C23683BB3E86A314F314A324997
:109810001368013313606B640B68834238BF0860C0
:1098200000EB800007EB8000291DFFF765FB01F0CE
:1098300043F8236873B13268EB6AD26A9A4209D25C
:109840004FF0E0234FF08052C3F8042DBFF34F8F49
:10985000BFF36F8FBDE8F8833368E86ADB6A1C4F9B
:10986000834298BF3560D1E735601368012B03D080
:10987000E86A174F154CC9E7154F3C4607F58C6849
:1098800020461434FFF728FBA045F9D1DFF860909B
:10989000DFF860800D4C4846FFF71EFB4046FFF79F
:1098A0001BFB0E48FFF718FB0D48FFF715FB0D4893
:1098B000FFF712FB0C4BE86AC3F800900B4BC3F8A0
:1098C0000080A3E7AC3B002040370020083C00208C
:1098D0004C370020B83B0020BC3B0020F43B00206C
:1098E000203C00200C3C002044370020483700205A
:1098F000C03B0020D43B00202DE9F0470A9CDDF856
:1099000024804FEA82094A4606460D46206BA5216F
:109910001F4601F033FA236BA9F10409994429F099
:109920000709002D7DD02B7884F834302B78002B5C
:109930004DD06B7884F835306B78002B47D0AB78FE
:1099400084F83630AB78002B41D0EB7884F8373090
:10995000EB78002B3BD02B7984F838302B79002B17
:1099600035D06B7984F839306B79002B2FD0AB79F7
:1099700084F83A30AB7953B3EB7984F83B30EB7928
:109980002BB32B7A84F83C302B7A03B36B7A84F8B0
:109990003D306B7ADBB1AB7A84F83E30AB7AB3B151
:1099A000EB7A84F83F30EB7A8BB12B7B84F8403034
:1099B0002B7B63B16B7B84F841306B7B3BB1AB7B22
:1099C00084F84230AB7B13B1EB7B84F84330002347
:1099D00084F84330089D372D28BF37254FF0000A03
:1099E000E562E564201DC4F850A0FFF781FAC5F1D7
:1099F000380504F11800FFF77BFAC4F854A0A561FC
:109A000084F858A0246164623A463146484600F022
:109A100009FF2060B8F1000F01D0C8F80040BDE890
:109A2000F08784F83450D5E780B5214C214E224D83
:109A3000224F4FF0E0294FF08058236853B300F0D5
:109A400019FFF368D3F80CA00AF10400FFF77CFAC1
:109A50002B68013B2B602368013B236000F02CFF47
:109A60009AF8593063B1012B1ED0022BE5D04FF08C
:109A7000500383F31188BFF36F8FBFF34F8FFEE75F
:109A8000DAF8300001F0E0F8504601F0DDF8236824
:109A9000002BD4D13B68012BCFD9C9F8048DBFF37B
:109AA0004F8FBFF36F8FC8E7504601F0CDF8C4E782
:109AB000B03B0020203C0020AC3B00204C37002075
:109AC0002DE9F04F474B1E68013683B01E60002E13
:109AD00040D0DFF824B1DBF800309E4247D3424F3C
:109AE000DFF818913B68DFF818A11D68002D73D0CE
:109AF000DFF81081002522E00191FFF725FAA36A23
:109B0000019904F1180013B1FFF71EFA0199E36AF5
:109B1000D8F8002003EB8300934209EB800088BF54
:109B2000C8F80030FFF7E8F9DAF800203B68E16A8E
:109B3000D26A1B68914228BF0125002B4CD03B689C
:109B4000DB68DC686368211D9E420846D4D2CBF8EE
:109B5000003011E0244B1A6812680AB34FF050032A
:109B600083F31188BFF36F8FBFF34F8FFEE7DFF8EA
:109B70008C90DFF88CA00025DAF800301B49DB6AF6
:109B800003EB83039B0059F803200B68022A28BFCC
:109B90000125002B0CBF2846012003B0BDE8F08F43
:109BA000134A186811681960124910600A68013276
:109BB0000A601A68126832B9DFF83CB04FF0FF3320
:109BC000CBF8003087E71B68DFF82CB0DB68DB6878
:109BD0005B68CBF800307EE74FF0FF33CBF8003006
:109BE000CAE700BF343C002044370020383C002046
:109BF00048370020EC3B0020E83B00204C37002099
:109C000040370020BC3B00202DE9F04F414D83B090
:109C100000F030FE2B68013B2B602B68002B61D1DC
:109C20003D4B1B68002B5DD03C4E3368002B6ED043
:109C30003B4FDFF8FC90DFF8FC80DFF8FCA0F36816
:109C4000DC6804F1040B04F11800FFF77DF95846B5
:109C5000FFF77AF9E36A3A6803EB830093425946C7
:109C600009EB800088BF3B60FFF746F9D8F8003069
:109C7000E26ADB6A9A423DD30123CAF800303368B6
:109C8000002BDCD1274B1A681268002A3AD01A68D8
:109C9000254BD268D26852681A60244E346894B159
:109CA000012706E0FFF70CFF08B1CAF80070013C7D
:109CB00008D02B68002BF5D03368013C03F1010379
:109CC0003360F6D13460DAF800305BB14FF0E02356
:109CD0004FF08052C3F8042DBFF34F8FBFF36F8F47
:109CE000012000E00020019000F0E6FD019803B0A3
:109CF000BDE8F08F3368002BA1D10A4B1A681268B7
:109D0000002AC4D1084B4FF0FF321A60C5E7DFF8D4
:109D100028A0C2E7B43B0020AC3B0020F43B00206D
:109D2000BC3B002044370020E83B0020F03B0020F3
:109D30004C37002040370020383C002030B587B039
:109D40000B9CC4B10C9D6DB15C250595059D5C2DEA
:109D50001AD04FF0500383F31188BFF36F8FBFF316
:109D60004F8FFEE74FF0500383F31188BFF36F8FDF
:109D7000BFF34F8FFEE74FF0500383F31188BFF31B
:109D80006F8FBFF34F8FFEE70C9D2C63022485F885
:109D9000594004ACCDE901450A9C0094059CFFF7AD
:109DA000ABFD0C98FFF720FD049807B030BD00BF55
:109DB0002DE9F043074685B0900015468846994640
:109DC00000F08AFED8B104465C2000F085FE06460D
:109DD000D0B10463002486F859400D9C01940C9C7A
:109DE00002964B462A46414638460094FFF784FDCA
:109DF0003046FFF7F9FC012005B0BDE8F0834FF0D5
:109E0000FF3005B0BDE8F083204600F01DFF4FF0A5
:109E1000FF30F1E7F8B550B94FF0E0234FF0805232
:109E2000C3F8042DBFF34F8FBFF36F8FF8BD1E4DE6
:109E30002B6843B14FF0500383F31188BFF36F8F4A
:109E4000BFF34F8FFEE72B68013304462B60174B9F
:109E5000174E1F6830680430FFF776F83368E4194E
:109E60005C6010D3134B186831680431FFF754F865
:109E70002B68A3B94FF0500383F31188BFF36F8FA2
:109E8000BFF34F8FFEE70C4B186831680431FFF7C2
:109E900043F80A4B1A68944238BF1C60E8E7FFF7A2
:109EA000B3FE0028B8D0F8BDB43B0020343C0020FD
:109EB000403700204837002044370020E83B00208E
:109EC00070B584B06846002402AA01A9CDE9004417
:109ED000FEF7E4FF0198C8B1009D75B15C230393C0
:109EE000039A029E9A421AD04FF0500383F31188CE
:109EF000BFF36F8FBFF34F8FFEE74FF0500383F335
:109F00001188BFF36F8FBFF34F8FFEE74FF0500301
:109F100083F31188BFF36F8FBFF34F8FFEE7B60057
:109F20000223324685F85930A5212863039B00F0AF
:109F300025FF2A6B24496963331F281DC5E9134493
:109F400085F8384085F84340EC62D618FEF7D0FF1C
:109F500005F11800FEF7CCFF26F0070638231B4951
:109F6000AB6122466C652D616D6285F858403046C4
:109F700000F058FC28602846FFF736FC00F0B6FBDE
:109F800001280CD0013001D004B070BD4FF0500357
:109F900083F31188BFF36F8FBFF34F8FFEE74FF04E
:109FA000500383F31188BFF36F8FBFF34F8F0849BE
:109FB000084A094B4FF0FF350D6010601C6004B07B
:109FC000BDE8704000F0E8BC49444C45299A0008BF
:109FD000E83B0020083C0020343C0020024A136883
:109FE00001331360704700BFB43B0020064B1B6871
:109FF00043B94FF0500383F31188BFF36F8FBFF362
:10A000004F8FFEE7FFF700BEB43B0020014B1868FE
:10A01000704700BF343C0020054B1B680BB9FFF7AD
:10A020004FBD044A1368013300201360704700BF1E
:10A03000B43B0020F03B00201C4B1B681BB11C4BA9
:10A0400001221A6070471A4A1A4910B41A4C136058
:10A05000236803EB8302920098008A5842B9DBB16F
:10A06000013B03EB8302980051F82220002AF6D02E
:10A07000C21801EB8200024641684968416008321B
:10A08000914208BF49680D4A08BF4160C968116024
:10A0900023605DF8044B70474FF0500383F3118841
:10A0A000BFF36F8FBFF34F8FFEE700BFB43B0020BD
:10A0B000383C00204C370020BC3B002040370020BB
:10A0C000D0B170B51A4D0C4629681831FEF724FF3F
:10A0D000184B1E6828680430FEF736FF631C14D046
:10A0E0002B68A4195C6017D3134B18682968BDE866
:10A0F00070400431FEF710BF4FF0500383F3118816
:10A10000BFF36F8FBFF34F8FFEE729680B48BDE8A1
:10A1100070400431FEF7F0BE094B1868296804311D
:10A12000FEF7FAFE074B1A68944238BF1C6070BDF8
:10A1300040370020343C0020483700200C3C0020F1
:10A1400044370020E83B002030B370B51D4E0C466C
:10A15000316815461831FEF7CFFE1B4B85B91D68D7
:10A1600030680430FEF7F0FE336864195C601CD37D
:10A17000164B18683168BDE870400431FEF7CCBE5C
:10A180001B6830680430FEF7DFFE31681048BDE818
:10A1900070400431FEF7B0BE4FF0500383F31188D6
:10A1A000BFF36F8FBFF34F8FFEE70A4B186831681C
:10A1B0000431FEF7B1FE084B1A68944238BF1C60A8
:10A1C00070BD00BF40370020343C002048370020DD
:10A1D0000C3C002044370020E83B002030B5C36829
:10A1E000DC6883B0002C2BD004F118052846FEF75C
:10A1F000ABFE184B1B687BB117482946FEF77CFE67
:10A20000164BE26A1B68DB6A9A4285BF144B012039
:10A210000020186003B030BD211D08460191FEF7F3
:10A2200093FE104AE36A1068019983420E4888BF82
:10A23000136003EB830300EB8300FEF75DFEDFE7B3
:10A240004FF0500383F31188BFF36F8FBFF34F8F2D
:10A25000FEE700BFB43B0020F43B00204037002065
:10A26000383C0020BC3B00204C370020034A044B04
:10A2700012681B68C0E90023704700BFEC3B002058
:10A28000343C002028B3F0B50D4683B0C1B104467C
:10A2900000F0F0FA2B681D4A581C116830D0DFF826
:10A2A00070C0D4E90060DCF80070BE421AD0884269
:10A2B00018D80120019000F0FFFA019803B0F0BD1A
:10A2C0004FF0500383F31188BFF36F8FBFF34F8FAD
:10A2D000FEE74FF0500383F31188BFF36F8FBFF396
:10A2E0004F8FFEE7A1EB000E73450BD95B1ADCF82C
:10A2F0000010126803442B600020C4E90012D9E763
:10A300000020D7E700232B600120D3E7343C002056
:10A31000EC3B0020014B01221A607047383C0020C2
:10A32000054B1B6833B1054B1B68002B0CBF02208B
:10A330000020704701207047083C0020B43B0020FB
:10A3400018B310B51E4B1C68844282B008D04FF081
:10A35000500383F31188BFF36F8FBFF34F8FFEE776
:10A36000236D4BB1E16AE26C013B9142236500D061
:10A370006BB1002002B010BD4FF0500383F3118881
:10A38000BFF36F8FBFF34F8FFEE700207047211D93
:10A3900008460191FEF7D8FDE36C0A4AE362C3F177
:10A3A0003800A061106801998342074888BF136094
:10A3B00003EB830300EB8300FEF79EFD0120D9E74A
:10A3C00040370020BC3B00204C3700202DE9F043F3
:10A3D000224EDFF8909085B04FF000080DE0DB686A
:10A3E000DC681F68251D2846FEF7AEFD236A20465F
:10A3F000984794F828305B070AD433681A68002A13
:10A40000EDD1174A11683160136005B0BDE8F083E3
:10A41000A3693B449F42294605D2306863602461AA
:10A42000FEF77AFDE9E7D9F800306BB1CDE9008796
:10A430000294FFF775FF0023D9F800001A46694619
:10A44000FEF746FE0028D8D14FF0500383F3118861
:10A45000BFF36F8FBFF34F8FFEE700BF3C3C002080
:10A46000403C0020603D00202DE9F04F9B4E9C4D6C
:10A470009C4C8BB04FF0E0294FF0805833681F6838
:10A48000002F00F0A880DB681F68FFF7A7FDFFF72B
:10A49000BDFD2A6890428246C0F0AE80B842286076
:10A4A00080F0B48000222068A7EB0A01FFF738F99A
:10A4B000FFF79CFD28B9C9F8048DBFF34F8FBFF398
:10A4C0006F8F2068002202A9FEF780FF0028D5D0F8
:10A4D000029B002B76DB049F7B6913B1381DFEF7CE
:10A4E00033FDFFF793FD2B6898428246C0F08B80C6
:10A4F000029BC5F800A0092BE3D8DFE803F00505AF
:10A5000005533D5A0505533D97F82830BA693F6118
:10A5100043F0010387F82830039B99182CBF0120D2
:10A5200000205145796000F28C80AAEB03039A4227
:10A5300032D83B6A3846984797F828305B07C0D531
:10A54000236883B10022BB690692039A08971344DB
:10A550000793FFF7E5FE002320681A4606A9FEF7D9
:10A56000B7FD0028ADD14FF0500383F31188BFF33E
:10A570006F8FBFF34F8FFEE797F8283043F001034A
:10A5800087F82830039BBB61002B00F09D8053446B
:10A5900053457B603F615ED8534B391D1868FEF709
:10A5A000BBFC8EE797F8283023F0010387F82830AA
:10A5B00087E797F828309A0752D523F0010387F8E8
:10A5C00028307EE7039BDDE904019847029B002BBE
:10A5D000FFF677AF7FE7FFF701FDFFF717FD2A686A
:10A5E0008242824608D8404BC5F800A01A6812681B
:10A5F000B2FA82F2520956E7FFF7E8FEC5F800A06A
:10A60000FFF7F4FC5DE7FFF7E1FE71E7FFF7EEFC13
:10A610003268D268D2F80CB00BF1040108460191FF
:10A62000FEF792FC9BF82800019910F0040F1BD153
:10A6300020F001008BF82800DBF8203058469847BE
:10A640003FE7534502D900283FF473AF3068391D06
:10A65000FEF762FC35E73068391DFEF75DFC30E738
:10A66000384600F0F1FA2CE7DBF81820CBF810B0F0
:10A67000B8188245CBF8040003D23068FEF74CFCD2
:10A68000DAE7AAEB07039A4219D8236873B10023CB
:10A6900006930797CDF820B0FFF742FE002320680D
:10A6A0001A4606A9FEF714FD0028C5D14FF0500345
:10A6B00083F31188BFF36F8FBFF34F8FFEE70A4B11
:10A6C0001868FEF729FCB7E74FF0500383F31188B1
:10A6D000BFF36F8FBFF34F8FFEE700BF3C3C0020FE
:10A6E0000C3D0020603D0020403C0020F0B5234C94
:10A6F00089B000F0BFF8256835B300F0DDF82368B5
:10A70000CBB1002407AA06A905A8CDE90544FEF7A8
:10A71000D3FBDDE905010223CDE901100093079A7F
:10A72000174918482346FFF709FB174B186010B16B
:10A73000012009B0F0BD4FF0500383F31188BFF33F
:10A740006F8FBFF34F8FFEE7104F114E3846FEF765
:10A75000C3FB3046FEF7C0FB0E4A009517600E4A59
:10A760000E4B166010210E4A0A20FEF73DFC2060B9
:10A770000028C2D00B49FEF7ABFFBEE7603D0020CA
:10A7800020B9000869A40008643D0020E43C0020D2
:10A79000F83C00203C3C0020403C0020103D0020C4
:10A7A000443C002018B9000808480068006880F39D
:10A7B00008884FF0000080F3148862B661B6BFF3DA
:10A7C0004F8FBFF36F8F00DF00BF000008ED00E088
:10A7D000DFF80C00016841F470010160704700006F
:10A7E00088ED00E00E4B1B6882B00022013301921D
:10A7F00008D04FF0500383F31188BFF36F8FBFF37E
:10A800004F8FFEE74FF0500383F31188BFF36F8F34
:10A81000BFF34F8F019B002BFCD002B0704700BFED
:10A820003004002010B44FF08073074C40F8043C13
:10A8300021F001016FF0020340E9034140E90932D0
:10A840005DF8044B44387047E5A70008000000009D
:10A85000074B19680868B0E8F04F80F30988BFF328
:10A860006F8F4FF0000080F311887047AFF30080C6
:10A87000403700204FF0500383F31188BFF36F8FF0
:10A88000BFF34F8F0B4A13680133012B136000D0C5
:10A8900070474FF0E023D3F8043DDBB2002BF7D034
:10A8A0004FF0500383F31188BFF36F8FBFF34F8FC7
:10A8B000FEE700BF30040020084A136843B94FF098
:10A8C000500383F31188BFF36F8FBFF34F8FFEE701
:10A8D000013B13600BB983F31188704730040020EB
:10A8E000EFF30980BFF36F8F154B1A681EF0100F3E
:10A8F00008BF20ED108A20E9F04F10602DE9090013
:10A900004FF0500080F31188BFF34F8FBFF36F8F6C
:10A91000FFF792FB4FF0000080F3118809BC196823
:10A920000868B0E8F04F1EF0100F08BFB0EC108AB6
:10A9300080F30988BFF36F8F704700BFAFF30080CB
:10A940004037002008B54FF0500383F31188BFF360
:10A950006F8FBFF34F8FFFF75FFB28B14FF0E023FE
:10A960004FF08052C3F8042D002383F3118808BDF3
:10A970004FF0E02200230649136193610B680548FC
:10A98000A0FB03039B090721013B53611161704741
:10A99000BC010020D34D62104FF0E023484AD3F8A9
:10A9A000001D914241D0D3F8002D464B9A4233D03E
:10A9B00070B5454B454C1A78454884B0FF21D2B25A
:10A9C000029219701B78DBB28DF807309DF80730C2
:10A9D0009DF8072003F05003072112062370016041
:10A9E00048BF06220FD59DF807305B00DBB28DF81B
:10A9F00007309DF807301B06114602F1FF32F2D4F2
:10AA000003291BD001604FF0500383F31188BFF37B
:10AA10006F8FBFF34F8FFEE74FF0500383F3118822
:10AA2000BFF36F8FBFF34F8FFEE74FF0500383F3F9
:10AA30001188BFF36F8FBFF34F8FFEE7029B224A4F
:10AA4000244D4FF0E0244FF44071DBB201601370ED
:10AA5000D4F8203D43F47003C4F8203DD4F8203DE1
:10AA600043F07043C4F8203D0026FFF781FF2E60BD
:10AA7000FFF7AEFED4F8343F43F04043C4F8343F10
:10AA8000FFF792FEFFF7D8FA2B680396013308D040
:10AA90004FF0500383F31188BFF36F8FBFF34F8FD5
:10AAA000FEE74FF0500383F31188BFF36F8FBFF3BE
:10AAB0004F8F039B002BFCD0002004B070BD00BF63
:10AAC00071C20F4170C20F4100E400E0683D0020F8
:10AAD0006C3D0020300400202DE9F0410646FFF7D0
:10AAE0007DFA524B1D68002D6ED0514B1F683E42BF
:10AAF0002ED16EB306F1080476071CBF24F00704BC
:10AB000008342CB3DFF83CC1DCF80060A6421FD348
:10AB10004848036803E01A6822B11846134659688A
:10AB2000A142F8D3AB4213D098460A1B58F808EB61
:10AB3000C0F800E0102A29D9191948070FD04FF0A2
:10AB4000500383F31188BFF36F8FBFF34F8FFEE77E
:10AB5000FFF74CFA4FF000084046BDE8F0814A602C
:10AB6000344A5C60144612689142FBD8606804EB7A
:10AB7000000E71454AD0D1F804E001EB0E0082428C
:10AB80004BD00A608C4218BF216059682A4A10686D
:10AB9000761A864238BF1660284ACCF800603943DE
:10ABA0000020C3E90001136801331360FFF71EFAA8
:10ABB00018F0070FD0D04FF0500383F31188BFF384
:10ABC0006F8FBFF34F8FFEE71D49194C4F0714BF1E
:10ABD000CA1D0A4601F57051A1F1080525F00705C7
:10ABE00018BF22F0070214491D601046AB1A154A1F
:10ABF0000B60104913604FF00047002208604A6064
:10AC00002760C5E90022C0E9005370E7496800EBFE
:10AC1000010EC4F804E02146AFE7AA42B1D0506863
:10AC200012680A6070444860ACE700BF703D0020C5
:10AC300074790020887900207C79002080790020B8
:10AC4000743D002078790020D0B12B4A50F8043CA4
:10AC5000126813420BD050F8081C91B14FF050030A
:10AC600083F31188BFF36F8FBFF34F8FFEE74FF071
:10AC7000500383F31188BFF36F8FBFF34F8FFEE74D
:10AC8000704710B523EA020382B040F8043C1B4C25
:10AC90000190FFF7A3F90198226850F8041C184BA3
:10ACA0000A44083822601A461B689842FBD8546848
:10ACB00002EB040E70451AD000EB010C63450CD07A
:10ACC0000360824218BF10600E4A1368013313609C
:10ACD00002B0BDE81040FFF789B90B4C2468A342CD
:10ACE000EED0D3E900342144C0E90031E9E7214442
:10ACF00051601046E0E700BF7479002078790020A9
:10AD00008879002084790020703D0020014B18686C
:10AD1000704700BF3404002070B50D4D0D4C641B0E
:10AD2000A4100026A64209D10B4D0C4C00F0A2FC49
:10AD3000641BA4100026A64205D170BD55F8043B43
:10AD400098470136EEE755F8043B98470136F2E79D
:10AD500064B9000864B9000864B9000868B900085B
:10AD60000A44914200F1FF3300D1704710B511F849
:10AD7000014B03F8014F9142F9D110BD0244034643
:10AD8000934200D1704703F8011BF9E70CB430B5CA
:10AD9000174B0C1E1D689DB008DA8B232B604FF0FB
:10ADA000FF301DB0BDE8304002B070474FF4027371
:10ADB000ADF8143014BF04F1FF3323460493079316
:10ADC0004FF6FF7302900690ADF81630209A21AB33
:10ADD00002A92846019300F069F8431CBCBF8B23ED
:10ADE0002B60002CDDD0029B00221A70D9E700BF37
:10ADF000340400202DE9F0478E689E4282460C46BE
:10AE000090461F4638D88A8912F4906F32D0256850
:10AE10000969A5EB0109656905EB450505EBD575E4
:10AE200001334B446D109D4238BF1D46530531D54B
:10AE3000294600F055FB064650B90C23CAF80030ED
:10AE4000A38943F04003A3814FF0FF30BDE8F087B2
:10AE500021694A46FFF784FFA38923F4906343F0F6
:10AE60008003A381266165614E44A5EB0905266038
:10AE7000A5603E46BE4200D93E4620683246414665
:10AE800000F0A8FAA3689B1BA360236833442360E7
:10AE90000020DBE72A4600F097FB06460028E1D1B8
:10AEA0002169504600F0B0FAC7E700002DE9F04FE5
:10AEB00098468B891B069DB007460D4614460ED555
:10AEC0000B6963B9402100F00BFB2860286120B9B1
:10AED0000C233B604FF0FF30D1E040236B61002337
:10AEE000099320238DF82930CDF80C803023DFF82A
:10AEF000A8818DF82A304FF0010923469A4613F8AD
:10AF0000012B0AB1252AF9D1BAEB040B0BD05B4611
:10AF1000224629463846FFF76DFF013000F0AA802F
:10AF2000099A5A4409929AF80030002B00F0A28046
:10AF300000234FF0FF32CDE905230AF1010A049303
:10AF400007938DF853301A935446052214F8011BC9
:10AF50005148F5F745F9049AD8B9D00644BF2023E3
:10AF60008DF85330110744BF2B238DF853309AF8D6
:10AF700000302A2B15D0079A544600204FF00A0CB7
:10AF8000214611F8013B303B092B4ED9B0B1079255
:10AF900014E0A0EB080309FA03F313430493A24659
:10AFA000D2E7039B191D1B680391002BBBBF5B42BB
:10AFB00042F0020207930793B8BF049223782E2B26
:10AFC0000CD163782A2B35D1039B1A1D1B68039281
:10AFD000002BB8BF4FF0FF3302340593DFF8C8A051
:10AFE000217803225046F5F7FBF840B14023A0EB4F
:10AFF0000A0003FA00F0049B03430134049314F89D
:10B00000011B26488DF828100622F5F7E9F80028DC
:10B0100038D0234B1BBB039B073323F007030833B4
:10B020000393099B3344099367E70CFB02320C46F8
:10B030000120A5E700230134059319464FF00A0CBF
:10B04000204610F8012B303A092A03D9002BC5D02D
:10B050000591C3E70CFB012104460123F0E703AB94
:10B0600000932A460F4B04A93846AFF30080421CD8
:10B070000646D6D1AB895B063FF52CAF09981DB0CB
:10B08000BDE8F08F03AB00932A46064B04A938466F
:10B0900000F07AF8EBE700BF28B9000832B90008E1
:10B0A00000000000F5AD00082EB900082DE9F047BA
:10B0B000164699468A680B69DDF820809342B8BF2E
:10B0C0001346336091F8432007460C460AB101331A
:10B0D00033602368990642BF3368023333602568C2
:10B0E00015F0060506D104F1190AE36832689B1AC7
:10B0F000AB4226DC94F84320131E226818BF0123BC
:10B1000092062BD404F1430249463846C047013029
:10B110001ED02368E568326803F00603042B08BFDD
:10B12000AD1AA36822690CBF25EAE5750025934294
:10B13000C4BF9B1AED1800261A34B5421AD100205C
:10B1400008E00123524649463846C047013003D142
:10B150004FF0FF30BDE8F0870135C6E7E1185A1C13
:10B16000302081F84300224494F8451082F84310BF
:10B170000233C7E70123224649463846C04701301B
:10B18000E6D00136D9E700002DE9FF470F7E0C9D80
:10B19000782F914680460C469A4601F1430207D823
:10B1A000622F0AD8002F00F0D880582F00F0A3801B
:10B1B00004F1420584F842703AE0A7F16303152BCD
:10B1C000F6D801A151F823F021B2000835B20008E9
:10B1D000B1B10008B1B10008B1B10008B1B10008C7
:10B1E00035B20008B1B10008B1B10008B1B1000832
:10B1F000B1B1000841B3000865B2000823B30008EC
:10B20000B1B10008B1B1000863B30008B1B10008E2
:10B2100065B20008B1B10008B1B100082BB3000855
:10B220002B681A1D1B682A6004F1420584F842301D
:10B230000123A3E020682968060601F104030AD56A
:10B240000E682B60002E03DA2D23764284F84330FB
:10B250005E480A2319E00E682B6010F0400F18BFFB
:10B2600036B2EFE72B682068191D2960010601D569
:10B270001E6802E04606FBD51E8854486F2F0CBF9F
:10B2800008230A23002184F843106568A560002D77
:10B29000A2BF216821F0040121600EB9002D4DD01C
:10B2A0001546B6FBF3F103FB1167C75D05F8017D99
:10B2B0003746BB420E46F4D9082B0BD12368DE0774
:10B2C00008D5236961689942DEBF302305F8013C47
:10B2D00005F1FF35521B2261CDF800A04B4603AAB1
:10B2E00021464046FFF7E2FE01304CD14FF0FF30DF
:10B2F00004B0BDE8F087354881F8457029682368B7
:10B3000051F8046B29601D0614D5DF0744BF43F0D4
:10B31000200323601EB9236823F020032360102339
:10B32000B0E7236843F0200323607823284884F89B
:10B330004530E3E7590648BFB6B2E6E71546BBE736
:10B340002B6826686169181D286035061B6801D5C1
:10B35000196002E07006FBD51980002323611546B1
:10B36000BAE72B681A1D2A601D686268002128460A
:10B37000F4F736FF08B1401B606063682361002367
:10B3800084F84330A8E723692A4649464046D04717
:10B390000130ABD023689B0713D4E068039B98422D
:10B3A000B8BF1846A4E70123324649464046D04775
:10B3B00001309BD00135E36803995B1AAB42F2DCA4
:10B3C000EBE7002504F11906F5E700BF39B90008DD
:10B3D0004AB90008884210B501EB020402D9844240
:10B3E000234607D8431EA14208D011F8012B03F8C9
:10B3F000012FF8E7024401468A4200D110BD13F83C
:10B40000014D02F8014DF7E737B5002944D051F856
:10B41000043C0190002BA1F10404B8BFE41800F033
:10B4200013F91E4A0198136833B96360146003B0BE
:10B43000BDE8304000F00EB9A34208D92568611973
:10B440008B4201BF19685B6849192160EDE71A4614
:10B450005B680BB1A342FAD911685518A5420BD10C
:10B46000246821445418A3421160E0D11C685B6831
:10B47000536021441160DAE702D90C230360D6E758
:10B48000256861198B4204BF19685B68636004BF5B
:10B49000491921605460CAE703B030BD907900209B
:10B4A00070B50E4E0C463168054611B900F0BCF877
:10B4B00030602146284600F0B7F8431C0AD0C41C6F
:10B4C00024F00304A04207D0211A284600F0ACF86B
:10B4D000013001D14FF0FF34204670BD9479002037
:10B4E0002DE9F041CD1C25F0030508350C2D38BFA2
:10B4F0000C25002D074601DBA94205D90C233B6032
:10B5000000263046BDE8F0812E4E00F09DF83368ED
:10B510001C4634BB29463846FFF7C2FF431C04468D
:10B520004DD134682646002E40D123683146384636
:10B5300004EB030800F078F880453AD12168033520
:10B540006D1A25F0030508350C2D38BF0C2529464A
:10B550003846FFF7A5FF01302BD023682B4423602A
:10B560000EE02268521B1ED40B2A16D96119A34281
:10B57000256018BF5960636808BF316062514B6035
:10B58000384604F10B0600F065F826F00706231D87
:10B59000F21AB6D09B1BA350B3E76268A3420CBF5C
:10B5A00032605A60ECE723466468B2E73446766856
:10B5B000B9E70C233B60384600F04CF8A1E7256062
:10B5C000DEE700BF907900202DE9F0418046144667
:10B5D0000E4621B9BDE8F0411146FFF781BF2AB9F7
:10B5E000FFF712FF25462846BDE8F08100F038F845
:10B5F0008442074602D8B4EB500F12D82146404689
:10B60000FFF76EFF05460028EDD0BC4222463146CA
:10B6100028BF3A46FFF7A4FB31464046FFF7F4FE49
:10B62000E1E73546DFE7000038B5064D0023044664
:10B6300008462B60F6F702FC431C02D12B6803B1CD
:10B64000236038BD98790020014800F011B800BF90
:10B650009C790020014800F00CB800BF9C790020C4
:10B6600051F8043C181F002BBCBF0B58C018704782
:10B6700070477047F8B500BFF8BC08BC9E467047DD
:0CB68000F8B500BFF8BC08BC9E4670473F
:10B68C00FF0121000000000000000000000000008D
:10B69C00000000000000000000000000000000009E
:10B6AC0000000000E00000000000000000000000AE
:10B6BC000000000101010101020202020203030366
:10B6CC00040404050505060606070707080809090A
:10B6DC00090A0A0B0B0C0C0D0D0E0E0F0F1010118E
:10B6EC0011121313141415161617171819191A1BEF
:10B6FC001B1C1D1D1E1F2020212223232425262632
:10B70C002728292A2A2B2C2D2E2E2F303132333458
:10B71C003535363738393A3B3C3D3E3F4041424364
:10B72C004445464748494A4B4C4D4E4F5051525355
:10B73C0054555758595A5B5C5D5E60616263646531
:10B74C006768696A6B6D6E6F7072737475777879F0
:10B75C007A7C7D7E80818283858687898A8B8D8E9B
:10B76C0090919294959698999B9C9E9FA0A2A3A52C
:10B77C00A6A8A9ABACAEAFB1B2B4B5B7B8BABBBDA5
:10B78C00BEC0C1C3C4C6C8C9CBCCCED0D1D3D4D60D
:10B79C00D8D9DBDDDEE0E1E3E5E7E8EAECEDEFF15B
:10B7AC00F2F4F6F8F9FBFDFF0405060708090A0B8D
:10B7BC000D0C0E0F030200011415171619181B1A85
:10B7CC001D1C1F1E121310115461736B30340000BA
:10B7DC005461736B303300005461736B3032000072
:10B7EC0064656661756C745461736B00E4B7000832
:10B7FC00000000000000000000000000000000003D
:10B80C000002000008000000000000000000000022
:10B81C00DCB7000800000000000000000000000081
:10B82C000000000000020000080000000000000002
:10B83C0000000000D4B70008000000000000000069
:10B84C0000000000000000000002000008000000E2
:10B85C000000000000000000ECB700080000000031
:10B86C0000000000000000000000000000020000CA
:10B87C0018000000000000000000000000000000A4
:10B88C000000000001020304060708090000000084
:10B89C0001020304000610160006101641666669C4
:10B8AC006E654C616200000053544D333220434F9F
:10B8BC004D504F534954452044455649434500008B
:10B8CC00434F4E46494755524154494F4E20300044
:10B8DC00434F4D504F5349544520494E54455246C1
:10B8EC004143450053544D3332204344432041439C
:10B8FC004D25640053544D333220555342204B4553
:10B90C0059424F415244000000030103546D7251DF
:10B91C0000000000546D722053766300232D302BF1
:10B92C002000686C4C006566674546470030313234
:10B93C00333435363738394142434445460030318B
:10B94C0032333435363738396162636465660000EA
:08B95C005449FF7F01000000C7
:04B96400C501000811
:04B96800A101000831
:10B96C00FF020000FFFF00FFFF00FFFF00FFFF00D2
:10B97C00FFFF00FFFF00FFFF00FFFF00FFFF00FFC6
:10B98C00FF00FFFF00FFFF00FFFF00FFFF00FFFFB6
:10B99C0000FFFF00FFFF00FFFF00FFFF00FFFF00A5
:10B9AC00FFFF00FFFF00FFFF00FFFF00FFFF00FF96
:10B9BC00FF00FFFF00FFFF00FFFF00FFFF00FFFF86
:10B9CC00000000000000000000000000000000006B
:10B9DC00000000000000000000000000000000005B
:10B9EC00000000000000000000000000000000004B
:10B9FC00000000000000000000000000000000003B
:10BA0C00000000000000000000000000000000002A
:10BA1C00000000000000000000000000000000001A
:10BA2C000000000000000000A9660000FFFF0000FD
:10BA3C0000000000FFFFFFFF8080808080808080FE
:10BA4C0080808080808080800100000000000000E9
:10BA5C000000008005000002000200000000000051
:10BA6C00001E1E00001E1E000000010100FFFFFF53
:10BA7C00FFFFFFFFFF00000010000148003701002E
:10BA8C00000A0000000000000000000000000000A0
:10BA9C00000000000000000000000000000000009A
:10BAAC0000000000000000000000D9E2BABCBEC0DB
:10BABC00C2C4C6C8CACCCED0D2D4D6D8FF050100D9
:10BACC00000000000405060708090A0B0C0D0E0FF8
:10BADC00101112131415161718191A1B1C1D1E1FE2
:10BAEC0020212223FF000000FF1000F1FF0400FDC5
:10BAFC00FC000000FFF0203135333330202020A033
:10BB0C003036373132FDFE9000000000000000009E
:10BB1C000000000000000000660000000024F4009B
:10BB2C0001000000100000005D750008557500084C
:10BB3C0079750008E57500085975000895760008B8
:10BB4C00A1760008AD760008C97600081D770008BC
:10BB5C00E57600080177000812010002EF020140AF
:10BB6C00F1AFA45200020102030100000403090416
:10BB7C001A0300000000000000000000000000009C
:10BB8C00000000000000000000000000857A0008A2
:10BB9C00157A000819790008000000003D780008AB
:10BBAC00B97800089178000800000000000000003F
:10BBBC0000000000797800086D780008797B000897
:10BBCC00857800080000000009024B00020100C04B
:10BBDC0032080B00020202010009040000010202FB
:10BBEC0001000524001001052401000104240202B7
:10BBFC000524060001070582030800100904010052
:10BC0C00020A00000007050102400000070581023E
:10BC1C004000000009024B00020100C032080B007A
:10BC2C0002020201000904000001020201000524C5
:10BC3C000010010524010001042402020524060061
:10BC4C00010705820308001009040100020A000024
:10BC5C000007050102000200070581020002000036
:10BC6C000A0600020000004001000000CD7C000824
:10BC7C00F17C0008C17D0008257D0008157D0008B9
:10BC8C00197E0008697E0008897E0008297D00085D
:10BC9C00857E00082D7D0008397D00088D7E00080A
:10BCAC00457D0008517D00080A060002EF020140A4
:10BCBC000100068105010906A101050719E029E724
:10BCCC001500250175019508810295017508810300
:10BCDC009505750105081901290591029501750352
:10BCEC00910395287508150025FF0507190029658E
:10BCFC008100C0000A0600020000004001000000A4
:10BD0C003981000809810008D57F00080000000077
:10BD1C0000000000BD7F00080000000000000000D3
:10BD2C000000000000000000B17F0008A57F0008A3
:10BD3C0099810008C97F0008000000000902220058
:10BD4C00010100E032090400000103010100092196
:10BD5C0011010001223F000705810308000A0000C1
:10BD6C0009022200010100E0320904000001030174
:10BD7C000100092111010001223F00070581030880
:10BD8C0000070000092111010001223F0000000002
:10BD9C00AAAAAAAA38040020000000000000000093
:10BDAC000000000000000000000000000000000087
:10BDBC000000000000000000000000000000000077
:10BDCC000000000000000000000000000000000067
:10BDDC000000000000000000000000000000000057
:10BDEC000000000000000000000000000000000047
:08BDFC0000000000000000003F
:0400000508002309C3
:00000001FF
