:020000040800F2
:100000000000022031240008CD1E0008D11E000887
:10001000D51E0008D91E0008DD1E000800000000E3
:1000200000000000000000000000000081A900089E
:10003000E11E00080000000011AA00089D8E0008C3
:1000400081240008812400088124000881240008FC
:1000500081240008812400088124000881240008EC
:10006000812400088124000881240008E51E00087E
:10007000F11E0008FD1E00088124000881240008EC
:10008000091F0008812400088124000800000000E6
:10009000000000000000000000000000151F000824
:1000A000812400081D1F0008812400088124000805
:1000B000812400088124000881240008291F0008E9
:1000C000351F0008812400088124000881240008CD
:1000D0008124000881240008812400080000000019
:1000E0008124000881240008812400080000000009
:1000F0000000000000000000000000008124000853
:1001000000000000812400088124000881240008E8
:1001100000000000000000000000000000000000DF
:10012000812400088124000881240008812400081B
:100130008124000800000000000000000000000012
:10014000000000000000000000000000411F000847
:1001500081240008812400088124000881240008EB
:100160004D1F0008591F000800000000000000009B
:10017000000000000000000000000000000000007F
:1001800000000000812400080000000000000000C2
:0801900081240008812400080D
:1001A00010B5054C237833B9044B13B10448AFF3B1
:1001B00000800123237010BD98040020000000007F
:1001C000A4B7000808B5034B1BB103490348AFF3BC
:1001D000008008BD000000009C040020A4B70008B7
:1001E00001F0FF01102A2BDB10F0070F08D010F8E8
:1001F000013B013A8B422DD010F0070F42B3F6D1EC
:10020000F0B441EA012141EA014122F007047FF004
:1002100000070023F0E80256083C85EA010586EA5B
:10022000010685FA47F5A3FA87F586FA47F6A5FA97
:1002300087F68EB9EED1F0BC01F0FF0102F00702A3
:1002400032B110F8013B013A83EA010313B1F8D14E
:100250000020704701387047002D06BF354603382F
:10026000073815F0010F07D1013015F4807F02BF68
:10027000013015F4C03F0130F0BC0138704700BFB9
:1002800053B94AB9002908BF00281CBF4FF0FF31FD
:100290004FF0FF3000F074B9ADF1080C6DE904CEF9
:1002A00000F006F8DDF804E0DDE9022304B0704751
:1002B0002DE9F047089D04468E46002B4DD18A4219
:1002C000944669D9B2FA82F252B101FA02F3C2F14C
:1002D000200120FA01F10CFA02FC41EA030E9440DD
:1002E0004FEA1C48210CBEFBF8F61FFA8CF708FBFE
:1002F00016E341EA034306FB07F199420AD91CEBD6
:10030000030306F1FF3080F01F81994240F21C8107
:10031000023E63445B1AA4B2B3FBF8F008FB10334F
:1003200044EA034400FB07F7A7420AD91CEB040484
:1003300000F1FF3380F00A81A74240F20781644454
:10034000023840EA0640E41B00261DB1D4400023D9
:10035000C5E900433146BDE8F0878B4209D9002D3D
:1003600000F0EF800026C5E9000130463146BDE8C7
:10037000F087B3FA83F6002E4AD18B4202D3824231
:1003800000F2F980841A61EB030301209E46002DE0
:10039000E0D0C5E9004EDDE702B9FFDEB2FA82F235
:1003A000002A40F09280A1EB0C014FEA1C471FFA93
:1003B0008CFE0126200CB1FBF7F307FB131140EA7A
:1003C00001410EFB03F0884208D91CEB010103F147
:1003D000FF3802D2884200F2CB804346091AA4B209
:1003E000B1FBF7F007FB101144EA01440EFB00FEDD
:1003F000A64508D91CEB040400F1FF3102D2A64542
:1004000000F2BB800846A4EB0E0440EA03409CE7E0
:10041000C6F12007B34022FA07FC4CEA030C20FA8D
:1004200007F401FA06F31C43F9404FEA1C4900FAAD
:1004300006F3B1FBF9F8200C1FFA8CFE09FB18112A
:1004400040EA014108FB0EF0884202FA06F20BD99D
:100450001CEB010108F1FF3A80F08880884240F2ED
:100460008580A8F102086144091AA4B2B1FBF9F031
:1004700009FB101144EA014100FB0EFE8E4508D92C
:100480001CEB010100F1FF346CD28E456AD90238B1
:10049000614440EA0840A0FB0294A1EB0E01A14296
:1004A000C846A64656D353D05DB1B3EB080261EB04
:1004B0000E0101FA07F722FA06F3F1401F43C5E9DE
:1004C000007100263146BDE8F087C2F12003D84014
:1004D0000CFA02FC21FA03F3914001434FEA1C4756
:1004E0001FFA8CFEB3FBF7F007FB10360B0C43EA48
:1004F000064300FB0EF69E4204FA02F408D91CEBF8
:10050000030300F1FF382FD29E422DD902386344F5
:100510009B1B89B2B3FBF7F607FB163341EA034195
:1005200006FB0EF38B4208D91CEB010106F1FF38E4
:1005300016D28B4214D9023E6144C91A46EA0046DB
:1005400038E72E46284605E70646E3E61846F8E66D
:100550004B45A9D2B9EB020864EB0C0E0138A3E7B6
:100560004646EAE7204694E74046D1E7D0467BE797
:10057000023B614432E7304609E76444023842E70F
:10058000704700BF0000000000B53B483B490160D8
:100590004FF4803141603A490023012285B0C0E91F
:1005A0000A130621CDE90033CDE9023383600261ED
:1005B000037680F820204262C360C16180F8303049
:1005C000426101F09DFF00283BD19FED297B032371
:1005D0002948029369468DED007B02F021F900283D
:1005E00043D10622022324486946CDE9002302F0C4
:1005F00017F9B8BB072203231F486946CDE900233A
:1006000002F00EF958BB082204231B486946CDE9C5
:10061000002302F005F9F8B90922052316486946B6
:10062000CDE9002302F0FCF898B904220623124811
:100630006946CDE9002302F0F3F828B905B05DF86A
:1006400004FB01F0CDFBC0E701F0CAFB05B05DF88B
:1006500004FB01F0C5FBE8E701F0C2FBDCE701F0B9
:10066000BFFBD0E701F0BCFBC4E701F0B9FBB8E782
:1006700005000000010000001C1D002000200140BA
:100680000100000F10B5204B02688AB000249A4286
:10069000CDE90444CDE90644089401D00AB010BD68
:1006A00003F58C3301945A6C184842F480725A64F2
:1006B0005A6C02F480720192019A02941A6B42F011
:1006C00001021A631A6B02F001020292029A039469
:1006D0001A6B42F002021A631B6B03F002030393CE
:1006E00004A9F0220323CDE90423039B02F092FB2B
:1006F000032203230648069404A9CDE9042302F04B
:1007000089FB0AB010BD00BF00200140000002407C
:10071000000402402DE9F04F1B4C1C4F1C4EDFF82B
:1007200078B085B004F1100825464FF0640A4FF008
:10073000010915F8012F0096CDE9019A01236E21D8
:10074000584603F071F808B933783B70454507F116
:100750000107EED10F4DDFF844904FF0640A0127F6
:10076000CDE9017A14F8012F009601236E21484645
:1007700003F05AF808B933782B70444505F10105A8
:10078000EED105B0BDE8F08F4B010020641D0020C4
:10079000841D0020741D0020F01F00204420002034
:1007A000F0B587B001230DF1130264258DE82C000C
:1007B000434E00228DF81320032286F87A206E2102
:1007C0007A22044603F030F89DF81330032B64D0EE
:1007D0008027CDE901750096012300226E21204675
:1007E00002F02EFF0028F4D103238DF8143005AF5A
:1007F00064260125CDE901560097012386226E214A
:10080000204602F01DFF0028F4D14FF4FA7008F0E2
:10081000CBFB2C4D64270226CDE90167009501230F
:1008200094226E21204602F0FFFF0028F4D16420BC
:1008300008F0BAFB64270226CDE901670095012381
:100840007E226E21204602F0FBFE0028F4D18DF8B6
:1008500015600DF1150764260125CDE901560097B5
:10086000012386226E21204602F0EAFE0028F4D100
:10087000DC2008F099FB0DF11603022200938DF89D
:100880001620CDE90156012388226E21204602F070
:10089000CBFF10B19DF816300BB107B0F0BD0DF1D4
:1008A00017030093CDE90156FF27012386226E210D
:1008B00020468DF8177002F0C3FE07B0F0BD00BFF0
:1008C000CC000020C800002030B583B000232A4AA5
:1008D0000093116B29482A4D41F480011163116B7B
:1008E00001F48001009100990193116B436041F480
:1008F00000111163126B436102F400120192802215
:100900004FF4007482604FF48062C0E903420199A1
:10091000056004210322C0E90633C0E90831C0E9BB
:100920000A23036302F098F810BB002205210B2074
:1009300002F046F80B2002F081F8002205210C207D
:1009400002F03EF80C2002F079F8002205210D207B
:1009500002F036F80D2002F071F810200022052177
:1009600002F02EF8102003B0BDE8304002F066B867
:1009700001F036FAD9E700BF00380240881D002098
:10098000106402402DE9F04F9248934DDFF870A2B9
:10099000DFF87092914EDFF87082A1B0FFF700FF90
:1009A0008F48FFF7FDFEDFF864E20023CDE9033353
:1009B000CDE90533CDE90733CDE909339B46BEE8E0
:1009C0000F000DF12C0CACE80F00BEE80F00ACE8F6
:1009D0000F009EE803004CF8040B05F11F04FE27EE
:1009E000ACF80010112008F0DFFAFFF793FE9AF838
:1009F0000030002B00F0B5807A49481C0A4612F8F6
:100A0000013F013BDBB2C62B0CD89378002B6AD098
:100A1000D378002B67D112F8023C13B112F8033CD3
:100A200003B11770A242EAD105F1200C03784A2BDA
:100A300006D942784A2A03D9934284BF3C3A42708D
:100A400002308445F2D120204FF0000C03E081F801
:100A500000C0A1420FD011F8013F3F2BF7D9A3F1FD
:100A60004002C02B4FEA4202A0F1020345D9A14245
:100A70000F70D8B2EFD199F800C05B4B6044C0B2A0
:100A80000DF12E011A4612F801EF15F80EE001F8EB
:100A900001EF9642F7D14042C0B298F80010FF280B
:100AA00004BF4FF0FE0BFD20002937D12A224F480A
:100AB000019300910AF0FAF9DDE900134C484D4A20
:100AC00013F801CF15F80CC0BCF1800F1AD912F839
:100AD00001CB00F801CF9E42F2D1444946482A2278
:100AE00007F0F4FB7EE712F8023C002B9AD012F8D4
:100AF000033C002B96D1177094E7D2B210440A70D1
:100B0000C0B2A6E79E4200F8011F02F10102D7D150
:100B1000364939482A2207F0D9FB63E7374B1B785F
:100B2000002B3FF45FAF8DF84FC08DF850008DF86B
:100B300051B00DF12C0EBEE80F000DF1540CACE8D5
:100B40000F00BEE80F00ACE80F009EE803004CF871
:100B5000040B2622ACF80010002015A906F012FEA6
:100B600040E71D4903AA012308E00133DBB2212B32
:100B700002F1010201F101013FF43EAF581E0128CC
:100B800003D9A3F115000128EFD81078F0B908783F
:100B9000E8B191F802C0BCF1000FE6D111F802CC27
:100BA000BCF1000FE1D191F803C0BCF1000FDCD122
:100BB00091F801C0BCF1000FD7D111F801CCBCF104
:100BC000000FD2D1107081F800C0CEE70878107005
:100BD000CBE700BFF01F0020641D002003B9000810
:100BE00044200020631D0020E3B80008FC1D002005
:100BF000FD1D0020640100204827002098200020CF
:100C00002C1F0020E81D00202D1F0020BCB700086D
:100C10002DE98848444C454D454FDFF82491454E19
:100C2000DFF82081DFF820B1DFF820A1052008F0EF
:100C3000BBF92268002AF9D02B78FF2B12D0397823
:100C40004FF4806200233280236019B1022388F8B8
:100C50000030EBE799F80030002BE7D0012388F84B
:100C60000030E3E76B78102B57D8002BE7D0013B1F
:100C70000F2BE4D801A151F823F000BFBD0C0008F0
:100C80000F0D0008BD0C0008EF0C00083F0C000819
:100C9000DF0C00083F0C00083F0C00083F0C000868
:100CA0003F0C00083F0C00083F0C00083F0C0008F8
:100CB0003F0C00083F0C0008D30C000801234FF440
:100CC00000510022504689F8003002F095F9397839
:100CD000B6E719490422002006F054FDAFE70121D0
:100CE0004FF480620023397032802360AEE7022324
:100CF000124989F800300522002006F043FD4FF428
:100D000000510122504602F077F9397898E72946D8
:100D100058460AF0BDF8397892E7F02B8FD101F0F0
:100D200061F839788CE700BF281F0020281E0020BA
:100D3000E91D002084010020880100208C01002092
:100D4000982000202D1F00200000002000080240F5
:100D50002DE9F04FB54BB64EB6491878DFF8F8B22A
:100D6000A3B07822C6F8242FC1F83C295A781392F0
:100D70009A780392DA7814921A7904925A79159231
:100D80009A790592DA7916921A7A06925A7A179215
:100D90009A7A0792DA7A18921A7B08925A7B1992F9
:100DA0009A7B02900992DA7B1A921A7C0A925A7CF8
:100DB0001B929A7C0B92DA7C1C921A7D0C925A7DC3
:100DC0001D929A7D0D92DA7D1E921A7E0E925A7EA7
:100DD0001F929A7E0F92DA7E20921A7F10925A7F8B
:100DE00021929A7F1192DB7F129306F00703019301
:100DF000914B1B885A241E25002B40F057828F4AA6
:100E000013708F4A13708F4A13708F4B4FF000028C
:100E10001A70019B002B40F04E838C4B1E201E212C
:100E20004FF05A084FF05A09894AC3E90001C3E953
:100E30000201C3E90401C3E90601C3E90801C3E9EA
:100E40000A01C3E90C01C3E90E01C3E91089C3E932
:100E50001289C3E91489C3E9168960339A42E3D140
:100E60007C4A029BD35C802B00F20683139BD35CED
:100E7000802B00F201831E23C6E9E833C6E9EA337A
:100E8000C6E9EC33C6E9EE33724A039BD35C802B90
:100E900000F2FA82149BD35C802B00F2F5821E23B1
:100EA0006C4AC6F86034C6F86434C6F86834C6F8CC
:100EB0006C34C6F87034C6F87434C6F87834C6F8A2
:100EC0007C34049BD35C802B00F2DC82159BD35CCA
:100ED000802B00F2D7821E235E4AC6F82035C6F862
:100EE0002435C6F82835C6F82C35C6F83035C6F88E
:100EF0003435C6F83835C6F83C35059BD35C802BB5
:100F000000F2BE82169BD35C802B00F2B9821E23B6
:100F1000504AC6F8E035C6F8E435C6F8E835C6F8F4
:100F2000EC35C6F8F035C6F8F435C6F8F835C6F82D
:100F3000FC35069BD35C802B00F2A082179BD35C10
:100F4000802B00F29B821E23424AC6F8A036C6F8C8
:100F5000A436C6F8A836C6F8AC36C6F8B036C6F819
:100F6000B436C6F8B836C6F8BC36079BD35C802BBF
:100F700000F29A82189BD35C802B00F295821E238C
:100F8000344AC6F86037C6F86437C6F86837C6F81A
:100F90006C37C6F87037C6F87437C6F87837C6F8B5
:100FA0007C37089BD35C802B00F27C82199BD35C3E
:100FB000802B00F277821E23264AC6F82038C6F816
:100FC0002438C6F82838C6F82C38C6F83038C6F8A1
:100FD0003438C6F83838C6F83C38099BD35C802BC7
:100FE00000F25E821A9BD35C802B00F259821E2392
:100FF000184AC6F8E038C6F8E438C6F8E838C6F843
:10100000EC38C6F8F038C6F8F438C6F8F838C6F840
:10101000FC380A9BD35C802B00F240821B9BD35C84
:10102000802B00F23B821E2318E000BFE4B80008CA
:10103000F40D0020B4040020840100202D1F0020A6
:1010400098200020E91D00202C1F00207411002092
:10105000141D0020641D0020E4B70008854AC6F86E
:10106000A039C6F8A439C6F8A839C6F8AC39C6F80C
:10107000B039C6F8B439C6F8B839C6F8BC390B9BD4
:10108000D35C802B00F208821C9BD35C802B00F287
:1010900003821E23774AC6F8603AC6F8643AC6F857
:1010A000683AC6F86C3AC6F8703AC6F8743AC6F8A8
:1010B000783AC6F87C3A0C9BD35C802B00F2EA812C
:1010C0001D9BD35C802B00F2E5811E23694AC6F884
:1010D000203BC6F8243BC6F8283BC6F82C3BC6F894
:1010E000303BC6F8343BC6F8383BC6F83C3B0D9B5A
:1010F000D35C802B00F2CC811E9BD35C802B00F252
:10110000C7811E235B4AC6F8E03BC6F8E43BC6F83D
:10111000E83BC6F8EC3BC6F8F03BC6F8F43BC6F833
:10112000F83BC6F8FC3B0E9BD35C802B00F2AE81F3
:101130001F9BD35C802B00F2A9811E234D4AC6F869
:10114000A03CC6F8A43CC6F8A83CC6F8AC3CC6F81F
:10115000B03CC6F8B43CC6F8B83CC6F8BC3C0F9BE3
:10116000D35C802B00F28481209BD35C802B00F227
:101170007F811E233F4AC6F8603DC6F8643DC6F82D
:10118000683DC6F86C3DC6F8703DC6F8743DC6F8BB
:10119000783DC6F87C3D109BD35C802B00F26681C5
:1011A000219BD35C802B00F261811E23314AC6F85B
:1011B000203EC6F8243EC6F8283EC6F82C3EC6F8A7
:1011C000303EC6F8343EC6F8383EC6F83C3E119B69
:1011D000D35C802B00F24E81129BD35C802B00F2FB
:1011E00049811E23C6F8E03EC6F8E43EC6F8E83E54
:1011F000C6F8EC3EC6F8F03EC6F8F43EC6F8F83E37
:10120000C6F8FC3E1C4B002218781C4B1CE0C3E9BE
:10121000E055C3E9E255C3E9E455C3E9E655C3E93E
:10122000E855C3E9EA55C3E9EC55C3E9EE55013287
:10123000062AC3E9F044C3E9F244C3E9F444C3E92C
:10124000F64403F160031BD040FA02F1C907DED572
:10125000C3E9E044C3E9E244C3E9E444C3E9E64442
:10126000C3E9E844C3E9EA44C3E9EC44C3E9EE4412
:10127000DDE700BF641D0020E81D0020B40400204D
:101280009C4A9D4840F2CA33002104F08BFF4FF482
:1012900014739A4A9848082104F084FF0A2007F042
:1012A00083FE974B1B88002B3FF4A9AD944A013B6A
:1012B0001380944B1B78002B3FF4A7AD924A137810
:1012C0004BB15378002B00F0F1808F4B9B7813B912
:1012D00001238E4A1370DFF830A2864B9AF806106D
:1012E0009AF805201BF801701BF8022017F0010F77
:1012F0000CBF4FF01E0E4FF05A0E17F0020F14BF26
:101300004FF05A0C4FF01E0C17F0040F14BF4FF0A3
:101310005A094FF01E0917F0080F14BF5A201E205B
:1013200017F0100F14BF5A211E2117F0200F14BF01
:101330004FF05A084FF01E0817F0400FC3E9E0ECD9
:1013400014BF4FF05A0E4FF01E0EFF090CBF4FF0A6
:101350001E0C4FF05A0C12F0010F0CBF1E275A271B
:1013600012F0020FC3E9E29014BF5A201E2012F0BF
:10137000040FC3F8901314BF5A211E2112F0080F56
:1013800000919AF80490C3F8A40314BF5A211E21B7
:1013900012F0100FC3E9E58E14BF4FF05A084FF05A
:1013A0001E0812F0200F1BF80990C3F8B08314BF79
:1013B0004FF05A0E4FF01E0E12F0400FC3E9E7C770
:1013C00014BF5A271E27D2090CBF4FF01E0C4FF036
:1013D0005A0C19F0010F0CBF1E225A2219F0020FED
:1013E00014BF4FF05A084FF01E0819F0040F14BF35
:1013F0005A201E20C3F8AC1319F0080F0099C3F847
:10140000A81314BF5A211E2119F0100FC3E9EDE7EC
:1014100014BF4FF05A0E4FF01E0E19F0200F14BFDC
:101420005A271E2719F0400FC3E9EFC214BF5A22F2
:101430001E22C3E9F5725FEAD912C3E9F180C3E95C
:10144000F31E09D1324AC3F8DC5360339A420AF1E1
:10145000030A7FF443AFD5E62D4AC3F8DC4360337B
:1014600093420AF1030A7FF439AFCBE65A239DE693
:101470005A237FE65A23B5E65A23FDE45A2363E54F
:101480005A2345E55A2327E55A2309E55A2355E609
:101490005A2337E65A2319E65A23FBE55A23DDE59A
:1014A0005A23A5E55A2387E55A2369E59378002B4B
:1014B0007FF411AF0DE70F4B154AC3E9E055C3E9BF
:1014C000E255C3E9E455C3E9E655C3E9E855C3E984
:1014D000EA55C3E9EC55C3E9EE55C3E9F044C3E965
:1014E000F244C3E9F444C3E9F64460339A42E3D1D9
:1014F000B6E400BFF40D0020A8210020B4040020B1
:10150000840100202D1F0020000000202C1F00203F
:10151000941900202DE9F04FC82095B007F044FD44
:101520004822002102A809F0C1FCDFF81C93C34F38
:10153000C34E0DF1120802AD4FF0000A544604F0FC
:1015400001024FF40041384601F056FDC4F3400259
:101550004FF48041384601F04FFDC4F387024FF449
:101560000051384601F048FDD9F8002000235362AD
:10157000136843F001031360536A632BFCD9116AAB
:1015800041F21113194208D1116A40F24443194241
:1015900003D1136823F001031360304601F05EF8B5
:1015A0000121304601F0DEF8304601F035F9013412
:1015B000062C25F81A000AF1060AC0D10235A84502
:1015C000BAD105AB9D4C9E4E01930DF1080B4FF027
:1015D00000080A27454605F001024FF40041204665
:1015E00001F00AFDC5F340024FF48041204601F0AE
:1015F00003FDC5F387024FF40051204601F0FCFCC7
:10160000D9F8002000235362136843F001031360EC
:10161000536A632BFCD9116A41F21113194208D1A4
:10162000116A40F24443194203D1136823F00103C5
:101630001360304601F012F80121304601F092F8B3
:10164000304601F0E9F801353844062D07F10A0764
:101650002BF81800BFB208F10608BCD10027D84605
:101660000125BA46052F00F0108115F0010200F0A7
:10167000208101224FF40041204601F0BDFC15F00D
:10168000020200F0108101224FF48041204601F057
:10169000B3FC6B0740F1058101224FF40051204655
:1016A00001F0AAFCD9F80020C2F824A0136843F086
:1016B00001031360536A092BFCD9116A41F211131B
:1016C000194208D1116A40F24443194203D1136808
:1016D00023F00103136001224FF40041204601F082
:1016E0008BFC01224FF48041204601F085FC012251
:1016F0004FF40051204601F07FFCD9F80020C2F8D9
:1017000024A0136843F001031360536A632BFCD9D0
:10171000116A41F21113194208D1116A40F244438F
:10172000194203D1136823F001031360304600F01F
:1017300095FF012130460F4401F014F8304601F0C6
:101740006BF80135062FA8F80200EDB208F10C087D
:1017500088D1019B0BF1040B5B457FF438AFBDF8DA
:101760000A20BDF808309A4240F2B980BDF80C203A
:10177000BDF80E309A4280F0B280BDF81020BDF85E
:1017800012309A4280F0AB802E4B93F9003023F058
:101790000103BDF81410BDF81620914280F09C8022
:1017A000BDF81810BDF81A20914280F09580BDF860
:1017B0001C10BDF81E20914280F08E8023F00203A1
:1017C000BDF82010BDF82220914280F08280BDF843
:1017D0002410BDF8262091427BD2BDF82810BDF818
:1017E0002A20914275D223F00403BDF82C10BDF8D5
:1017F0002E2091426AD2BDF83010BDF832209142BD
:1018000064D2BDF83410BDF8362091425ED223F088
:101810000803BDF83810BDF83A20914253D2BDF804
:101820003C10BDF83E2091424DD2BDF84010BDF8AD
:101830004220914247D223F0100307E00004024007
:101840001C1D0020E81D0020F0210020BDF84410E0
:10185000BDF84620914232D2BDF84810BDF84A206A
:1018600091422CD2BDF84C10BDF84E20914226D2A8
:1018700003F0DF031D490B701D49C3F1FB02CB7060
:101880000A71052007F090FB9FE6002220464FF4E6
:10189000004101F0B1FB00224FF48041204601F0ED
:1018A000ABFB0022F9E64FF48041204601F0A4FB97
:1018B000EFE64FF40041204601F09EFBDFE643F0E7
:1018C0002003DBB2D6E743F01003BFE743F0080381
:1018D0009FE743F0040388E743F0020370E7034BFC
:1018E00093F9003043F0010353E700BFE81D0020E7
:1018F0005C01002010B5104A1048002107F008FBD9
:101900000F4B104A044600210F481C6007F000FBF3
:101910000E4B0F4A044600210E481C6007F0F8FAEF
:101920000D4B0E4A044600210D481C6007F0F0FAEA
:101930000C4B186010BD00BF94B900088509000861
:10194000F81D002028B9000815150008EC1D00201E
:101950004CB90008110C0008F01D002070B90008F7
:10196000510D0008F41D0020F0B500248BB0CDE926
:101970000444CDE906443B4B009408941A6B3A4E5C
:101980003A4F3B4D42F004021A631A6B02F0040214
:101990000092009A01941A6B42F080021A631A6B4B
:1019A00002F080020192019A02941A6B42F0010245
:1019B0001A631A6B02F001020292029A03941A6BE4
:1019C00042F002021A631B6B03F0020303932246E8
:1019D00030464FF46041039B01F00EFB224638462F
:1019E0000E2101F009FB224628464FF4704101F018
:1019F00003FB4FF460420123CDE90423304604A9E0
:101A000001220023CDE90623002601F003FA38461F
:101A100004A90E2201230027CDE90423CDE906679E
:101A200001F0F8F904A928464FF470420123CDE9EA
:101A30000423CDE9066701F0EDF980224FF4041389
:101A4000CDE9042304A901232846069301F0E2F915
:101A500022460521172000F0B3FF172000F0EEFF0B
:101A60000BB0F0BD00380240000802400000024008
:101A70000004024010B50B480B4C0C4900234FF4F6
:101A80008042C0E90041C0E90233C0E90423C0E953
:101A90000633036201F00CFD00B910BDBDE8104033
:101AA00000F09EB9F01F002000540040801A06008C
:101AB00010B50B480B4C0C4900234FF48042C0E991
:101AC0000041C0E90233C0E90423C0E906330362E0
:101AD00001F0EEFC00B910BDBDE8104000F080B987
:101AE00044200020005C0040801A06002DE9F043ED
:101AF0000368694A8DB000249342CDE90644CDE9DC
:101B0000084405460A9405D0644A934254D00DB067
:101B1000BDE8F083624F01943B6B6248624E43F034
:101B200002033B633B6B03F002030193019B4FF401
:101B300040721223CDE906230423012206A90A9349
:101B40000323CDE9082301F065F902943B6CB460EE
:101B500043F400133B643B6C544AF46003F40013F9
:101B600002934FF00073C6E900234FF48073C6E977
:101B700006434FF480624FF440333046C6E90424F4
:101B8000C6E90834029900F067FF00287DD1AE63F2
:101B9000002205211F20B56300F012FF1F2000F076
:101BA0004DFF00220521202000F00AFF202000F038
:101BB00045FF0DB0BDE8F083394F03943B6B3C48C3
:101BC0003C4E43F001033B633B6B03F00103039383
:101BD000039B04943B6B43F002033B633B6B03F0BA
:101BE000020304934FF48072049B1223CDE9062371
:101BF00006A904234FF001084FF003090A93CDE929
:101C0000088901F007F90923102226480A9306A93A
:101C10001223CDE90623CDE9088901F0FBF80594EC
:101C20003B6CB46043F400033B643B6C224AF460B9
:101C300003F4000305934FF0C063C6E900234FF49B
:101C40008073C6E906434FF480624FF44033304658
:101C5000C6E90424C6E90834059900F0FDFEB8B9C8
:101C600000220521AE634820B56300F0A9FE48209C
:101C700000F0E4FE00220521492000F0A1FE4920E9
:101C800000F0DCFE0DB0BDE8F08300F0A9F87EE7BF
:101C900000F0A6F8E4E700BF00540040005C0040FC
:101CA0000038024000040240301F00201060024053
:101CB00000000240901F0020406002400000000031
:101CC00010B5002394B0CDE90A33CDE90C33CDE94A
:101CD0000233CDE90433264900930693086C254A64
:101CE00040F080500864096C01F080510091009927
:101CF0000193136843F44043136013689FED167B10
:101D000003F44043022101934FF480001923CDE9ED
:101D10000E10C022109308A804238DED087BCDE996
:101D20001121019C139303F00DFE08B172B6FEE77A
:101D30009FED0B7B8DED027B9FED0B7B034603211B
:101D400002A88DED047B069304F014F808B172B676
:101D5000FEE714B010BD00BF01000000000001004C
:101D60000F00000002000000000000000010000052
:101D7000003802400070004008B500F083FBFFF718
:101D80009FFF114B1A6F22F001021A671A6F22F09F
:101D900004021A67FFF7E8FDFEF796FDFFF76AFEFB
:101DA000FFF786FE00F0D8FAFEF7EEFB00F080FAAF
:101DB00000F006F905F026FC07F07EF8FFF79AFD23
:101DC00007F08CF8FEE700BF00380240034B0268C2
:101DD0009A4200D0704700F06FBB00BF0000014086
:101DE00072B6FEE702492522002005F0CBBC00BFF9
:101DF0009401002082B00E4B00220092596C41F4F5
:101E000080415964586C00F4804000900098019221
:101E1000186C40F0805018641B6C03F080530193E1
:101E2000019B0F216FF0010002B000F0C9BD00BF9F
:101E30000038024070B588B000251F4B02955A6CDF
:101E40001E4C42F001025A645B6C03F0010301A9CD
:101E50000293064603A8029B04F050F804F03EF8F3
:101E6000174A226003461748256140F2E732E260D4
:101E7000A0FB03239B0C013B2046C4E90135A5616F
:101E800004F060F8054610B1284608B070BD204641
:101E900004F0D6F805460028F6D1192000F0CEFD52
:101EA0000F2E01D90125EFE72A463146192000F00F
:101EB00087FD054B1E60E7E7003802409C200020AC
:101EC0000000014083DE1B43C4010020FEE700BF89
:101ED000FEE700BFFEE700BFFEE700BFFEE700BF72
:101EE000704700BF014800F0A1BE00BF301F0020B6
:101EF000014800F09BBE00BF48210020014800F0CF
:101F000095BE00BF901F0020014800F08FBE00BFAB
:101F1000E8200020802001F075B800BF014804F0DF
:101F2000D1BB00BF9C200020014801F0CDBF00BF05
:101F3000F01F0020014802F07DBC00BFF01F002010
:101F4000014802F0EDBD00BF38220020014801F039
:101F5000BBBF00BF44200020014802F06BBC00BFA3
:101F60004420002010B50C4C0C4B0D492268591A26
:101F70002AB11044884207D82060104610BD094A93
:101F8000226010448842F7D908F058FF0C234FF024
:101F9000FF320360104610BDE42000200000022044
:101FA00000040000A0790020034AD2F8883043F4EE
:101FB0007003C2F88830704700ED00E000000000B8
:101FC00010B54B4C4B4A226094B05F2200236260F4
:101FD00020464FF6FF72CDE90433CDE90C33CDE94D
:101FE0000E33CDE91033C4E9023212932361A361A9
:101FF00004F05AF818BB002200233D4804A9CDE99B
:10200000042304F04DFC00BB9FED357B00223848D3
:102010000E920CA98DED0C7B109204F0D3F988B9C7
:1020200022680023B2F1804FCDE90633CDE90833B1
:102030000A930DD02F498A423AD014B010BDFFF751
:10204000CFFED8E7FFF7CCFEEAE7FFF7C9FEDBE7F4
:1020500002F50E320193116B274841F00101116323
:10206000116B01F00101019101990293136B43F08F
:1020700002031363136B03F002030293012406A906
:1020800001220223CDE906230A94029B00F0C2FE3E
:102090004FF480620223CDE9062318480A940022F7
:1020A000002306A9CDE9082300F0B4FE14B010BD4A
:1020B000134A0393136B114843F002031363136B2A
:1020C0009FED097B03F00203039306A902238DED24
:1020D000067B039A0A9300F09DFE14B010BD00BF6A
:1020E000600000000000000040000000020000004E
:1020F000F0210020000800400000024000040240DF
:102100000038024070B50368B3F1804F82B012D03E
:102110002F4A934201D002B070BD2E4B0022019293
:102120001A6C42F004021A641B6C03F0040301935E
:10213000019B02B070BD0023264A0093116C264D0E
:1021400041F001011164126C2449EB6002F00102BC
:1021500000924FF0C062C5E9001240214FF4806246
:102160000446A96000982A614FF480514FF48042E0
:102170002846C5E90512C5E907336B6200F06CFC1F
:1021800000BB174E174925624FF0C0620023C6E915
:10219000001240214FF48062C6E90213E562326109
:1021A0004FF480514FF480423046C6E90512C6E92B
:1021B0000733AC63736200F04FFC30B96662B463FE
:1021C00002B070BDFFF70CFEDBE7FFF709FEF5E795
:1021D00000080040003802404821002028600240EA
:1021E000E82000208860024010B502688AB0002311
:1021F000B2F1804FCDE90433CDE90633089304D022
:1022000027498A4231D00AB010BD02F50E3201933F
:10221000116B244841F001011163116B01F00101C0
:10222000019101990293136B43F002031363136B43
:1022300003F002030293012404A901220223CDE941
:1022400004230894029B00F0E5FD4FF48062022312
:10225000CDE90423144808940022002304A9CDE901
:10226000062300F0D7FD0AB010BD104A0393136B8C
:102270000D4843F002031363136B9FED077B03F0DC
:102280000203039304A902238DED047B039A0893B0
:1022900000F0C0FD0AB010BD4000000002000000C8
:1022A00000080040000002400004024000380240E4
:1022B00000B527488BB04FF08042002302607722A0
:1022C000CDE90033CDE90233CDE90433CDE906335E
:1022D000C0E90133C0E903230893836103F0E4FEFE
:1022E00008BB002200231A486946CDE9002304F008
:1022F000D7FA30BB9FED147B00221548049202A947
:102300008DED027B069204F05DF8B8B90822104802
:102310000DEB020104F056F840B90D48FFF764FFD9
:102320000BB05DF804FBFFF75BFDDAE7FFF758FD44
:102330000748FFF759FF0BB05DF804FBFFF750FDAE
:10234000E4E7FFF74DFDD5E7600000000000000066
:10235000A8210020000000009FED0F7B124810B55F
:1023600080ED067B9FED0E7B00234FF0A0440421FF
:10237000022280ED087BC0E90041C0E90323C0E9E7
:102380000B3302F01FFB00B910BDBDE81040FFF792
:1023900027BD00BFAFF30080020000000000000076
:1023A00000000000000000003822002030B5036863
:1023B00089B00024B3F1A04FCDE90244CDE9044433
:1023C000069401D009B030BD174D00942B6B17480F
:1023D00043F001032B632B6B03F0010300934FF4D5
:1023E000C0520223CDE90223032302A905930A2345
:1023F000009A069300F00EFD6B6B43F080036B6355
:1024000001946B6C43F480436B646B6C03F4804306
:102410002246052101934320019B00F0D1FA43207D
:1024200000F00CFB09B030BD003802400000024053
:10243000DFF834D00D480E490E4A002302E0D4588C
:10244000C4500433C4188C42F9D30B4A0B4C0023FC
:1024500001E013600432A242FBD3FFF7A5FD08F0B0
:10246000F3FCFFF789FC7047000002200000002009
:1024700098040020A4BA000898040020A079002045
:10248000FEE7000008B50B4B1A6842F400721A60B0
:102490001A6842F480621A601A6842F480721A6004
:1024A000032000F07BFA0F20FFF7C4FCFFF7A2FC2B
:1024B000002008BD003C0240034A044B11681B7811
:1024C0000B441360704700BF44270020C001002068
:1024D000014B1868704700BF4427002038B50446F8
:1024E000FFF7F6FF631C054602D0044B1B781C4423
:1024F000FFF7EEFF431BA342FAD338BDC001002013
:10250000002800F09F8038B5056C04463DB1236C6F
:10251000DB060CD5002384F83C30012038BDFEF7E3
:10252000B1F86564236C84F83C50DB06F2D4236C6C
:10253000484A23F4885323F0020343F00203236440
:102540005168236821F4403151605168606801434B
:1025500051605A682569A06822F480725A605968EF
:1025600041EA05215960596821F0407159605A6863
:1025700002435A609968E06821F4006199609A68A2
:10258000A16A02439A60344A914252D09868E56A3F
:1025900020F0706098609A6811439960996821F002
:1025A000405199609A682A439A609A6822F0020220
:1025B0009A609A68217E42EA41029A6094F820204B
:1025C000002A41D05968626A41F400615960586834
:1025D00020F460405860511E5A6842EA41325A6005
:1025E000DA6AE169656922F47002DA62DA6A01394D
:1025F00042EA0152DA62996821F40071996099689F
:1026000094F8302041EA42219960996821F4806170
:1026100099609A68002042EA85229A606064236C7F
:1026200023F0030343F001032364002384F83C30C8
:1026300038BD9A6822F070629A609A6822F040521F
:102640009A60B2E7012070475A6822F400625A602B
:10265000C6E700BF002301400100000F10B490F84E
:102660003C3083B00021012B01916DD00168012322
:1026700080F83C308B680246D80714D4354B364C72
:102680001B688868A4FB03439B0C03EB430340F0E7
:10269000010088600193019B2BB1019B013B0193D9
:1026A000019B002BF9D18868136C10F001002ED02B
:1026B00023F4E06323F0010343F4807313644B6855
:1026C0005B0505D5136C23F4405343F48053136426
:1026D000136C13F480531CBF536C23F00603536434
:1026E00000201E4B82F83C006FF022040C605A68F8
:1026F00012F01F0216D1886810F040501FD18B686D
:1027000043F080438B6003B05DF8044B704743F0A7
:1027100010031364536C43F00103536403B05DF87A
:10272000044B70470E4B9942F8D18B6813F040531D
:10273000F4D18A6842F0804218468A60EEE710467B
:1027400003B05DF8044B7047022003B05DF8044B02
:10275000704700BFBC01002083DE1B430023014003
:102760000020014003689A6870B50D465105044683
:1027700002D59B68DA0545D4FFF7AAFE2268064613
:102780006B1C24D113689807FCD56FF012031360FB
:10279000236C43F400732364936813F0405F14D1F7
:1027A000207E90B9D36A13F4700F02D093685A0553
:1027B0000BD4236C23F480732364236CDB0404D4D4
:1027C000236C43F00103236470BD002070BD1368C7
:1027D0009907DAD45DB9136813F00203D0D1226CE3
:1027E00084F83C3042F004022264032070BDFFF7FD
:1027F0006FFE801BA8422268C2D9136813F002033F
:10280000BED1ECE7036C002243F0200380F83C20AB
:102810000364012070BD00BF0368D86C704700BF1F
:1028200030B590F83C3083B00022012B019200F0CB
:102830009B80012380F83C300C680368092C2DD85C
:102840001D698A6804EB440E4FF0070C0CFA0EFC6D
:1028500025EA0C051D611D6902FA0EF22A431A6170
:102860004A68062AA4462FD802EB8202596B053A21
:102870004FF01F0E0CFA02FC0EFA02F221EA0202DD
:102880005A635A6B4CEA02025A633F4A934230D071
:10289000002380F83C30184603B030BD1FFA84FC9A
:1028A0000CEB4C02DD68A2F11E0E072202FA0EF2BA
:1028B00025EA0202DA608A68DD6802FA0EF22A432B
:1028C000DA604A68062ACFD90C2A02EB820232D893
:1028D000196B233A1F250CFA02FC05FA02F221EAD1
:1028E00002021A631A6B4CEA02021A63264A9342E6
:1028F000CED1122C2ED0254B9C4238D1244A254BC8
:102900005168254C21F480015160516841F4000167
:1029100051601B68A4FB03239B0C03EB83035B0048
:102920000193019B002BB3D0019B013B0193019BC1
:10293000002BF9D1ACE7D96A413A1F250CFA02FC09
:1029400005FA02F221EA0202DA62DA6A4CEA0202CB
:10295000DA629AE70E4B5A6822F400025A605A680B
:1029600042F480025A6093E7022003B030BD112C7C
:102970008ED1074B5A6822F480025A605A6842F49A
:1029800000025A6084E700BF0020014012000010DE
:1029900000230140BC01002083DE1B430749CA68B5
:1029A00003024FF6FF0003F4E0630240134343F0D9
:1029B000BF6343F40033CB60704700BF00ED00E01D
:1029C0001C4BDB68C3F3022300B5C3F1070EBEF155
:1029D000040F03F1040C28BF4FF0040EBCF1060FE6
:1029E0001BD9033B4FF0FF3C0CFA03FC22EA0C021C
:1029F0004FF0FF3C0CFA0EFC21EA0C019940002834
:102A000041EA02010CDB00F16040090100F5614080
:102A1000C9B280F800135DF804FB00221346E7E713
:102A2000054B00F00F0009010344C9B219765DF8A7
:102A300004FB00BF00ED00E0FCEC00E0002808DB38
:102A40004109044A00F01F00012303FA00F042F894
:102A50002100704700E100E038B50446FFF738FD7B
:102A6000002C52D023680022022184F8351084F80B
:102A700034201A6822F0010205461A6005E0FFF7CB
:102A800027FD431B052B39D823681A68D107F6D4D4
:102A9000D4E90120E16802430A43D4E90451A06962
:102AA0002A430A43E1691D6802430A433349294026
:102AB000256A2A430A43616A042928D01A605A69A0
:102AC00022F007021143D8B22D4A59611038A2FBF7
:102AD000005212092B4923F47F73895CE16523F0CE
:102AE00003035F2888BF04333F228A40A365002088
:102AF0009A600123606584F8353038BD03232022B5
:102B0000626584F83530184638BD012038BDD4E9F7
:102B10000B5129430A431A605969A26A21F007013F
:102B2000114341F00401002DCDD078B1B0F5005F24
:102B300016D0022A03D9032AC5D1EA01C3D501233D
:102B40004022626584F83530184638BD012A03D02A
:102B500032F00202B7D1F0E7B5F1C07FB3D1EEE7B2
:102B6000032AB0D801A050F822F000BF3F2B000884
:102B70003B2B00083F2B0008592B00083F8010F02A
:102B8000ABAAAAAAD0B9000870B490F83440856DF9
:102B9000012C35D090F835404FF0010C644580F899
:102BA00034C005D0002380F8343070BC0220704758
:102BB000022680F83560046800264665266826F4FB
:102BC0008026266063608368402B0EBFA260A160F0
:102BD000E260C26D08BFE1603F239340AB602368B1
:102BE000026C43F0160323601AB1236843F0080314
:102BF0002360236843F001030020236070BC70470A
:102C0000022070BC704700BF90F83530022B03D013
:102C100080234365012070470268052380F8353022
:102C2000136823F001030020136070472DE9F04181
:102C300082B0744A866D156800230193C36D3468B1
:102C400008229A402242804604D001680F68780723
:102C500000F18A8001229A40224204D0D8F8001064
:102C60004969090678D404229A40224204D0D8F84F
:102C7000001009688F0767D410229A40224204D0BE
:102C8000D8F800100F68380749D420229A40224211
:102C900017D0D8F800100C68E00612D5B26098F88A
:102CA0003520052A73D00B6813F4802F0B6800F0D1
:102CB0009080190340F19B80D8F83C300BB140461E
:102CC0009847D8F854303BB3D8F85430DA071BD5BE
:102CD000D8F800204C49052388F835301368A1FB4B
:102CE000051523F00103AD0A136002E01368DB074A
:102CF00004D5019B0133AB420193F7D90122002394
:102D000088F8352088F83430D8F84C3023B1404664
:102D100002B0BDE8F041184702B0BDE8F081B260F2
:102D20000A6812F4802F0A682AD1D70503D40A68EA
:102D300022F008020A60D8F84020002AA5D04046B8
:102D40009047D8F85C30A0E7B260D8F8542042F041
:102D50000402C8F854208FE7B260D8F8542042F03B
:102D60000202C8F854207EE70F6827F004070F60BE
:102D7000B260D8F8542042F00102C8F8542069E744
:102D80001203D8D5D8F84820002AD8D17DE70A68A0
:102D900022F016020A604A6922F080024A61D8F8DD
:102DA000402052B30A6822F008020A603F2202FA69
:102DB00003F3D8F85010B3600122002388F83520BF
:102DC00088F834300029A7D0404602B0BDE8F04171
:102DD000084713F480737FF46FAF0A6822F0100283
:102DE0000A60012288F8352088F8343064E7D8F882
:102DF0004430002B7FF463AF63E7D8F84820002A03
:102E0000D0D1D3E7BC010020B5814E1B90F835002E
:102E1000704700BF2DE9F04F00220C68704E85B05E
:102E200013464FF0010A894604E00133102B02F1EA
:102E3000020278D00AFA03F101EA040BA143F4D1AB
:102E4000D9F804C00CF003014D1E012D6ED90329E1
:102E500040F0AE809140CD4307683D4029431CF4CB
:102E6000403F0160E1D05F4D00210391696C41F466
:102E700080416964696C01F480410391039923F0F6
:102E8000030101F1804101F59C3103F00307D1F802
:102E900008E0BF000F25BD402EEA0508524DA842AC
:102EA00017D005F58065A84200F086804F4DA842F6
:102EB00000F087804E4DA84200F08A804D4DA84218
:102EC0000CBF4FF0040E4FF0070E0EFA07F748EA5A
:102ED0000708C1F80880B1686FEA0B071CF4801F6F
:102EE0000CBF39404BEA0101B160F5681CF4001FCA
:102EF0000CBF3D404BEA0505F56075681CF4003FCA
:102F00000CBF3D404BEA0505756031681CF4803FFD
:102F100003F101030CBF39404BEA0101102B316072
:102F200002F1020286D105B0BDE8F08FD9F80C504D
:102F3000876805FA02F8032505FA02FE27EA0E075C
:102F400048EA0707876047686FEA0E0527EA0B0E15
:102F5000CCF300179F4047EA0E074760C76807EAAF
:102F6000050ED9F80870974047EA0E070229C76096
:102F700001FA02F17FF470AF4FEAD30E00EB8E0E30
:102F800003F00708DEF820700097D9F810704FEAB8
:102F9000880807FA08F701970F2707FA08F8009F33
:102FA00027EA0808019F47EA0807CEF8207053E790
:102FB00003259540ED43D1E70AFA07F748EA0708E9
:102FC00087E74FF0020E0EFA07F748EA070880E796
:102FD0004FF0030E0EFA07F748EA070879E700BF3B
:102FE000003C01400038024000000240000802405E
:102FF000000C02400010024002B9090481617047D0
:10300000704700BF044A5169014200D1704708B5BA
:103010005061FFF7F5FF08BD003C01402DE9F04F7E
:10302000046883B098462368DDF83090DDF834B04A
:1030300043F4807306468A4617462360B9F1FF3F82
:1030400035D16569E807FCD50AF0FE012161B9F1C7
:10305000FF3F03D04EE061694D055CD461698B0789
:10306000F9D50023019363690193A3690193019B3F
:10307000B9F1FF3F40F0878063691A0663D4636942
:103080005B05F9D5002220236FF480616161326312
:1030900086F83D3086F83E20336C86F83C2043F0BD
:1030A00004033364336C042B66D001201FE0636992
:1030B000D907C9D4FFF70CFAA0EB0B00814504D364
:1030C000B9F1000F01D03468B8E700232022336340
:1030D00086F83D2086F83E30326C316886F83C3008
:1030E00042F0200232640B68DC0535D4032003B0C3
:1030F000BDE8F08F63699807B3D463695A050AD4B1
:10310000FFF7E6F9A0EB0B0081454ED3B9F1000FB4
:103110004BD034689BE7236843F40073236000229C
:103120006FF4806120236161326386F83D3086F858
:103130003E20336C86F83C2043F0040301203364C6
:1031400003B0BDE8F08FB8F1010F09D1FFB2002044
:10315000276103B0BDE8F08F4FF400733364C5E717
:103160003B0A2361B9F1FF3F2ED163691906EDD403
:1031700063695A05F9D585E73268136843F400732B
:1031800001201360B3E763691D06DCD46369590548
:103190003FF578AFFFF79CF9A0EB0B00814525D3F5
:1031A000B9F1000F22D0346862E700222023326395
:1031B00086F83D3086F83E20336C86F83C2043F09C
:1031C00020033364012092E763691B06BED4636960
:1031D00058053FF557AFFFF77BF9A0EB0B00814592
:1031E00004D3B9F1000F01D03468BBE700222023DB
:1031F000326386F83D3086F83E20336C86F83C20FA
:1032000043F0200333644DE72DE9F04F04689846FE
:10321000236843F480632360236883B043F480739E
:10322000DDF830A0DDF83490236006468B46174663
:10323000BAF1FF3F39D16569EB07FCD50BF0FE030E
:1032400023615FFA8BFBBAF1FF3F03D068E061694D
:103250004A0550D461698907F9D500230193636950
:103260000193A3690193019BBAF1FF3F40F0B8803D
:103270006369180667D463695905F9D500222023CC
:103280006FF480616161326386F83D3086F83E20DC
:10329000336C86F83C2043F004033364336C042B16
:1032A0006CD0012003B0BDE8F08F6369DD07C5D4A1
:1032B000FFF70EF9A0EB0900824504D3BAF1000F25
:1032C00001D03468B4E700232022336386F83D2020
:1032D00086F83E30326C316886F83C3042F020028D
:1032E00032640B68DC0502D54FF4007333640320AD
:1032F00003B0BDE8F08F236843F40073236000221D
:1033000020236FF480616161326386F83D3086F876
:103310003E20336C86F83C2043F004033364C0E75E
:1033200063699B0799D463695805E4D4FFF7D0F823
:10333000A0EB09008245C0F08B80BAF1000F00F0CD
:10334000878034687FE7B8F1010F0BD1FFB22761A6
:10335000BAF1FF3F6AD163691B0616D463695F0542
:10336000F9D58BE73B0A2361BAF1FF3F7FD163694F
:103370001D06EBD463695805F9D57FE732681368F9
:1033800043F40073012013608CE7236843F48073D7
:103390002360BAF1FF3F13D16369D807FCD54BF026
:1033A00001032361BAF1FF3F03D02BE063695B05A2
:1033B000A1D46369DB4313F00203F7D1184671E728
:1033C0006369D907EBD4FFF783F8A0EB09008245C6
:1033D000FFF479AFBAF1000F3FF475AF3468D8E766
:1033E00063691A06AFD463695D053FF547AFFFF720
:1033F0006FF8A0EB090082454CD3BAF1000F49D019
:10340000346831E76369DB4313F00203D6D06369A4
:103410005A053FF570AFFFF75BF8A0EB0900824556
:1034200016D3BAF1000F13D03468BBE763691D06E9
:10343000ABD463695A053FF521AFFFF749F8A0EB1C
:103440000900824526D3BAF1000F23D034687FE704
:1034500000222023326386F83D3086F83E20336C0C
:1034600086F83C2043F02003336401201AE76369A7
:1034700019063FF56BAF63695B053FF5FFAEFFF7DC
:1034800027F8A0EB0900824504D3BAF1000F01D060
:10349000346869E700222023326386F83D3086F8DD
:1034A0003E20336C86F83C2043F020033364F5E67D
:1034B000002800F0B98070B590F83D30044603F064
:1034C000FF02002B00F098802368242284F83D201E
:1034D0001A6822F001021A601A6842F400421A6067
:1034E0001A6822F400421A6002F0E8FC63684F494F
:1034F0008B424FD84E4A90427CD94E4D5A00A5FB84
:103500000035431EB3FBF2F32268506820F03F0001
:1035100040EA95405060A90C01F1010C116A21F0BC
:103520003F0141EA0C011162D16940F6FC7E013392
:1035300021F44F4113EA0E0F21F0FF0161D1042362
:103540000B43D361D4E907301168034321F0C00174
:103550000B4313609168D4E9030321F4034103434F
:1035600021F0FF010B439360D4E90530D168034398
:1035700021F0FF010B43D3601168002341F00101EA
:1035800020201160236484F83D00236384F83E30DA
:10359000184670BD284A90422CD9264D274EA5FBCF
:1035A000002C2268556825F03F0545EA9C4555608A
:1035B0004FEA9C414FF4967505FB01F1A6FB0151C2
:1035C000156A890925F03F05013129431162D16946
:1035D000A56821F44F4121F0FF01ADB9013803EB9B
:1035E0004303B0FBF3F30133C3F30B03D3B143F451
:1035F0000043A5E7012070BD80F83C20FEF776FA75
:1036000062E7C3F30B039BE703EB8303013803EB90
:103610008303B0FBF3F30133C3F30B0313B143F4A0
:1036200040438DE701238BE701207047A08601000E
:103630007F841E0083DE1B43FF083D00D34D6210D4
:103640002DE9F04F044683B09946BDF834A00E9E94
:103650000F469046FEF73CFF94F83D30202B04D0F7
:103660000227384603B0BDE8F08F054605E0FEF7B7
:103670002FFF401B192800F2AA80206883696FEA97
:10368000030C1CF0020BF2D094F83C30012BE7D075
:10369000012384F83C300368DB0771D5394607689D
:1036A00027F4006707600C9860622120CDE900656F
:1036B00084F83D00402084F83E0000202064A4F8F7
:1036C0002AA0608D20855748E0624B46424620463E
:1036D000FFF7A4FC0746F8B9238D002B00F0A0806B
:1036E0002368721C58D15A6910061AD45A695105B8
:1036F000F9D500226FF4806020215861226384F89C
:103700003D1084F83E20236C84F83C2043F00403F1
:103710002364236C042B38D00127384603B0BDE85E
:10372000F08FD4F824C0B4F828E061460EF1FF30E1
:1037300011F8012B1A61628D6162013A92B26285C1
:1037400082B258692285400717D542B9721C59D1F7
:103750005A69500749D45A695105F9D5C9E79CF807
:10376000011019610CF102016162618DAEF102027A
:10377000013992B289B222856185002AB1D1E5E78B
:10378000036843F00103036088E72268136843F489
:1037900000730127136064E75A691206C1D45A699D
:1037A0005105A6D4FEF794FE401B864201D3002E9D
:1037B00096D100222023226384F83D3084F83E20F5
:1037C000236C84F83C2043F020032364A1E72023EA
:1037D000C4F830B084F83D3084F83EB0236C84F8EF
:1037E0003CB043F0200323643AE71A68002142F416
:1037F000007220201A6084F83D0084F83C1084F8A0
:103800003E102EE75A695207EFD45A6951053FF529
:1038100070AFFEF75DFE401B8642CAD3002EC8D0B3
:10382000236893E70000FFFF2DE9F04F044687B0BF
:103830009946BDF844A0129D0F469046FEF748FEFB
:1038400094F83D30202B04D00227384607B0BDE85D
:10385000F08F064605E0FEF73BFE801B192800F2BC
:10386000D280D4F800C0DCF81800C04310F0020B7E
:10387000F1D094F83C30012BE6D0012384F83C30A1
:10388000DCF80030D90737D5DCF8000020F4006000
:10389000CCF80000109860622220CDE9005684F830
:1038A0003D00402084F83E0000202064A4F82AA0B7
:1038B000608D20859348E06239464B46424620465B
:1038C000FFF7A2FC0746002840F0AB80228DD2B95A
:1038D000236802905A6902929A690292029A1A68BF
:1038E00042F400721A600023202284F83D2084F8FC
:1038F0003C3084F83E30A8E7DCF8003043F00103A8
:10390000CCF80030C0E7012A00F02C81022A00F038
:10391000BD802368059059690591996905910599BC
:10392000032A49D8012A00F0EB80022A00F089809E
:10393000691C40F0BB805A695207FCD51A68616A5D
:1039400022F480621A601B690B70638D616A228D9C
:10395000013B0131013A9BB2616222856385691C9A
:10396000226840F0AF8053695B07FCD51368616A39
:1039700043F40073136013690B70638D228D606ACA
:103980002168013B9BB263850969531E00F1010C5C
:103990002385C4F824C04170228D638D616A013A89
:1039A000013B013192B29BB2616222856385002A9C
:1039B00099D0032A2368B5D95DB9C5E05A69D00604
:1039C00000F1B280FEF784FD801B8542C0F0868046
:1039D00023685A695206F1D5626A1B691370638DB8
:1039E0002068228D616A013B9BB263854369013A7D
:1039F00092B201F1010C5B072285C4F824C0D6D530
:103A000003694B7036E02023C4F830B084F83D30B1
:103A100084F83EB0236C84F83CB043F02003236468
:103A200012E70127384607B0BDE8F08F5A69500702
:103A30000CD4FEF74DFD801B85424FD3002D4DD099
:103A40002368691CF2D15A695207FCD51A6842F4FE
:103A500000721A601A69636A1A70638D626A013BA8
:103A60009BB26385238D013B23852368511C1B6911
:103A700061625370636A228D01336362638D013A20
:103A8000013B92B29BB22285638590E72368196857
:103A900021F480611960196841F400611960049093
:103AA0005969049199690491049939E75A69500751
:103AB0003FF544AFFEF70CFD801B85420ED36DB180
:103AC000236835E7536958073FF550AFFEF700FD0F
:103AD000801B854202D3002D7FF441AF00222023BA
:103AE000226384F83D3084F83E20236C84F83C2027
:103AF000012743F020033846236407B0BDE8F08F68
:103B00005DB92BE00000FFFF5A69D2060CD4FEF726
:103B1000DFFC801B8542E1D323685A695106F3D547
:103B20001A69636A1A70A5E700226FF0100020215D
:103B30005861226384F83D1084F83E20236C23648E
:103B400084F83C20012780E65A6952063FF544AFCD
:103B50005A69D106E8D4FEF7BBFCBFE75A695006A4
:103B6000F6D5DDE72368196821F4806119600390B8
:103B700059690391996903910399196841F4007196
:103B80001960CDE6704700BF704700BF704700BFA7
:103B9000704700BF704700BF704700BF704700BF4D
:103BA00090F83D20016D034659B9C26C0168012AA5
:103BB000826C0DD0C2F307220A61026D01320265E8
:103BC0007047016D012909D0016D02290ED070479F
:103BD000D2B20A61026D023202657047826C0168DE
:103BE000D2B20A61026D013202657047D2B2222A56
:103BF0001FD0418D89B2C1B9418D89B20029E6D16A
:103C0000212AE4D1026810B5546824F4E0645460B9
:103C1000146844F4007414602022016380F83D208D
:103C200080F83E10FFF7BAFF10BD212A0AD05B8D45
:103C3000704701680A6842F480720A60026D0132BE
:103C400002657047416A026811F8010B10615A8DD4
:103C50005962013A92B25A85704700BF704700BF5F
:103C6000704700BF704700BF70B53A4B3A491B68B8
:103C7000806B82B0DB080022A1FB031301921B0AB8
:103C800090F83D10026803EB8303C3EBC303C9B292
:103C9000019305E0019B013B019313689B0506D549
:103CA000019B002BF6D1036C43F020030364446BAB
:103CB0004CB3836B0025E563F3B11668DD6326F42E
:103CC000806616604585256500241C65136823F011
:103CD0000103136090F83D30602B2AD001F02801D9
:103CE000282919D02022002380F83D2080F83E307A
:103CF000FFF7B6FF02B070BD156825F4806515604A
:103D000043852365E2E7836BF3B11568DC6325F433
:103D1000806515604485D7E7136843F0010313609D
:103D20001368002443F480631360046380F83D103B
:103D3000DEE70023202280F83D2080F83E30036437
:103D4000FFF790FF02B070BD146824F48064146023
:103D50004385BBE7BC01002089B5F81410B590F885
:103D60003D2090F83E30102B0446D2B239D0D9B263
:103D7000402936D002F0280128293DD0236859680F
:103D8000080507D4602A05D02021002284F83D10C0
:103D900084F83E20002222635A6812F4006234D173
:103DA00094F83D10602975D05A69500605D5626AAD
:103DB0001B691370636A013363622046FFF750FF8B
:103DC000236C190704D02268536823F4E06353601E
:103DD00094F83D30226C5207DBB201D5282B2FD04E
:103DE00010BD222AC6D123681A6822F400621A6024
:103DF0005A681205C8D5CDE700232363236884F8E9
:103E00003D105A6812F40062CAD05A68606B22F4FE
:103E100000625A6090F83530012B1ED0284B0365A4
:103E2000FEF7F2FE0028CBD02268606B13682021D9
:103E300023F00103136084F83D10036D9847BFE73A
:103E400000232049E16220222363204684F83D209C
:103E500084F83E30FFF7A0FE10BDA06B184B036541
:103E6000FEF7D2FE0028ABD023685A69510606D56A
:103E7000626A1B691370626A2368013262621A689F
:103E8000A06B22F0010220211A6084F83D10036D1E
:103E9000984795E7202184F83D1022645A6952061C
:103EA00006D5626A1B691370626A23680132626216
:103EB0001A6822F0010220461A60FFF7D3FE7FE75E
:103EC000693C00080000FFFF70B5036804465868AD
:103ED000E56A94F83E1094F83D2010298EB0D2B2D5
:103EE0005FFA81FC24D0BCF1400F21D0216C002965
:103EF00000F096805969002511F0020FC1F34006C9
:103F000059D0860559D5226C02B19D6994F83D209F
:103F100002F02802282A00F01F8200220C92596920
:103F20000C919B690C930C9B84F83C200EB070BDE7
:103F30009E69596911F0010F1AD1B5F52A0FF5D014
:103F4000B5F12A4FF2D00D076DD5850540F183807C
:103F5000626C616BD2B21A61002900F0E481CA6B15
:103F6000002A00F0E0815A6842F400625A60DDE7FE
:103F700085056ED5E26AB2F52A0F00F0EA81E26AA1
:103F8000B2F12A4F04BF0822E26294F83E20402A90
:103F900000F0D8812269B2F5804F00F0B381226D24
:103FA000002A40F0EF81626CD21102F0060242F06A
:103FB000F0021A61BAE7CD067CD402F0F702212A9A
:103FC00000F0F5804E0640F13281450540F12F8129
:103FD000490700F12F8194F83D10628D92B2C9B269
:103FE000002AA3D0626A1B691370638D626A013B69
:103FF0009BB26385638D01329BB26262002B95D1C7
:104000002A2993D1226853682225282123F480632A
:1040100053602046256384F83D10FFF7B9FD85E71E
:104020009D69596968E78D0715D5850513D594F8FD
:104030003E20E06A256B94F83D102229D2B200F0B0
:10404000B38100220A925A690A929B690A930A9BD9
:104050006CE70D07E7D5750740F1F5805D682E0523
:104060003FF564AF0D0640F11581460540F1128120
:104070004D0700F1128194F83D20208D94F83E10F8
:10408000E56AD2B2C9B2002840F03B82212A00F092
:10409000418340297FF44AAF222A7FF447AF628DE3
:1040A00092B2002A00F0708294F83E20402A40F03C
:1040B000B480FCE0850580D594F83D505A6822F420
:1040C000E0625A600D965A690D921A6842F0010238
:1040D0001A600D9A1A6822F480621A605A681105F3
:1040E000EDB221D505F0F702222A00F07A81606B4B
:1040F0000268526892B26285628D92B21AB1226CE5
:1041000042F0040222645A6822F400625A60FEF708
:104110007DFE012808D0606B994B0365FEF774FDA6
:1041200010B1606B036D9847638D9BB213B3236826
:104130005A6952070AD5626A1B691370628D636AF5
:10414000013A591C92B22368616262855A69560627
:1041500009D5626A1B691370638D626A013B013283
:104160009BB262626385638D9BB21BB1236C43F08B
:1041700004032364236C002B40F0DE802A2D00F022
:10418000518194F83D30282B00F05481236B222B71
:1041900002D0222D7FF4CAAE0023202223632046C2
:1041A00084F83D2084F83E30FFF7F2FCBEE60D06B1
:1041B00028D5460526D54D0727D494F83D00618DB6
:1041C00089B2C0B200293FF4B1AE616A11F8015B57
:1041D0001D616162618D013989B26185618D89B22C
:1041E00000297FF4A3AE29287FF4A0AE59682825C2
:1041F00021F4806159602046226384F83D50FFF726
:10420000C5FC93E649077FF591AE82057FF58EAE3A
:10421000628D92B2002A3FF489AE626A12F8011BE5
:104220001961638D6262013B9BB263857EE64A073A
:104230007FF57CAE86057FF579AE628D92B2002A5D
:104240003FF474AE1BE05A6815053FF56FAE4A06A1
:1042500033D449077FF56AAE82057FF567AEE16A20
:10426000628D92B2042A00F01981628D92B2032A03
:1042700000F05981628D92B2022A00F08A81626A4E
:104280001B691370638D626A013B01329BB26262EB
:1042900063854BE649077FF549AE86057FF546AE57
:1042A000212A00F00381BCF1400F7FF43FAE20468D
:1042B0000EB0BDE87040FFF773BC4605C9D54D0789
:1042C000C1F38002C8D494F83D1022297FF42EAEA9
:1042D000618D89B2032940F2CC81626A1B69137037
:1042E000638D626A013B9BB26385638D9BB2013231
:1042F000032B62627FF41AAE2268536823F4806352
:10430000536013E694F83D20212A626C16BF42F0F8
:10431000010202F0FE02D2B21A61626B1AB1D26BD4
:10432000002A7FF420AEA26B002A3FF4FFADD26BCF
:10433000002A7FF418AEF9E520460EB0BDE87040C3
:10434000FFF70CBD226D4ABB626C02F0FE021A61DF
:10435000ECE50122E26218E65A6822F480625A60B3
:104360002E066FEA95014FF0000354BFA289228BFD
:1043700084F83C3001F001012046FFF70BFCD5E545
:10438000693C0008226D012A7FF4D0AD626CD21125
:1043900002F0060242F0F1021A61C7E5626C42F0D7
:1043A0000102D2B21A61C1E5216D11B9402A00F0B3
:1043B000A180226D22B92169B1F5404F00F0A5809E
:1043C000628D92B2002A42D103925A6903929A698D
:1043D0000392039A1A6842F400721A60002323655C
:1043E000A4E5A06B0268526892B26285628D92B2B7
:1043F0001AB1226C42F0040222645A6822F400626C
:104400005A60FEF703FD01283FF48EAEA06BA14B6E
:104410000365FEF7F9FB00283FF486AEA06B036D41
:10442000984781E628222363204684F83D20FFF741
:10443000AFFBA6E600239849E162202223632046D1
:1044400084F83D2084F83E30FFF7A6FB6EE5628DD0
:1044500092B2012A76D0628D92B2022A00F0EB80ED
:104460001A6842F480621A605A6812050ED510F577
:10447000803F07D001381F2808D8884A22FA00F068
:10448000C60703D55A6842F480525A600022099246
:104490005A6909929B690993099B9FE75A68616A67
:1044A00022F480625A601B690B70EBE6E16A94F8B3
:1044B0003D20212A7FF43AAD628D92B2002A7FF42A
:1044C000ACAE082900F09F80202900F09C8011F5F7
:1044D000803F00F09880596821F4E0615960112014
:1044E0002023206384F83E20204684F83D30FFF7E7
:1044F00049FB1BE501915A6901929B690193019B5C
:1045000014E5212A3FF4CBADC3E502925A69029229
:104510009A690292029A1A6842F480721A60236DB4
:104520000133236502E55A68042922F480625A6047
:104530003FF4A5AE02293FF4A2AE1A6822F48062CD
:104540001A609CE610F5803F00F00381082800F017
:10455000D180202800F0CE80122D00F03D8110285F
:1045600000F23C814E4A22FA00F0C10740F1368148
:104570001A6842F480621A60002206925A69069212
:104580009B690693069B29E75A6822F480625A6069
:10459000CCE401291A6800F0D880102900F0D580F9
:1045A000042900F00A81022900F0078142F4007218
:1045B0001A60626A1B691370638D626A2168013B2D
:1045C0009BB263850B69511C61625370638D2168D6
:1045D000626A013B9BB263854B68013223F44073EE
:1045E000202062624B6084F83D0094F83E30402BFE
:1045F00000F0C3800022122384F83E20204623636B
:10460000FFF7C2FA92E4596821F4E0615960196831
:104610000022202041F400711960226384F83D00DB
:1046200094F83E3084F83E20402B20467FF45FAF64
:10463000FFF7B4FA7AE4102840F2A8801A6822F44E
:1046400080621A601A6842F400621A605A6816059D
:1046500007D510F5803F40F0A6805A6842F480529A
:104660005A60002208925A6908929B690893089B35
:10467000B4E6E06A022887D0012985D809490B925F
:10468000096846F2A810B1FBF0F101EB81010B9132
:104690000FE000BF693C00080000FFFF8180008040
:1046A00014000100BC0100201A6812F4007200F02E
:1046B0009A800B9A013A0B920B990029F4D1226C43
:1046C000606A42F0200222645A6822F4E0625A6072
:1046D0001B690370638D626A013B01329BB220202B
:1046E0006385626284F83D00204684F83E10FFF73F
:1046F000B7FA1BE41A68002122F480621A6007915D
:104700005A6907929A690792079A1A6842F40072E6
:104710001A6063E6082D3FF476AF202D3FF473AFA7
:1047200015F5803F3FF46FAF5A6822F4E0625A609B
:10473000112000212023206384F83E10204684F8B5
:104740003D30FFF71FFAFFF7F1BB22F480621A60D9
:104750002FE71A6822F480621A605A6812F4006225
:104760002FD01A68002122F480621A6004915A69DD
:1047700004929B690493049B30E6002384F83E3046
:1047800020462363FFF76AFAFFF7D0BB274AC240EF
:10479000D2077FF553AF1A6842F480621A605A68F4
:1047A00015057FF55EAF01381F283FF65AAF204A46
:1047B000C240D1077FF555AF4FE742F480621A60DF
:1047C000F7E605925A6905929A690592059A1A6860
:1047D00042F400721A6001E601288BD11A6822F4B3
:1047E00080621A60C8E61968606A21F48061196005
:1047F000596821F4E06159601B690370638D013BC6
:1048000020219BB2638584F83D10636A94F83E10C2
:104810000133402963627FF4EEAE84F83E202046E7
:104820002263FFF71BFAFFF781BB00BF14000100F2
:104830008180008030B503685C695A6890F83E104A
:10484000E50583B05FFA81FC33D5D1054FEA122E1E
:104850002FD56FF480725A61A2053CD4620572D5DF
:104860000121428D90F83DE0056BBCF1200F92B222
:104870005FFA8EFE3DD06FF48062BCF1100F41F004
:1048800004015A6102D0BCF1400F03D11A6842F40E
:1048900000721A60220504D56FF4006241F008012D
:1048A0005A61036C1943016403B0BDE83040FFF75F
:1048B00055BAA50503D5D1054FEA122E17D46505C3
:1048C000C4F3802103D4240534D403B030BDD10512
:1048D000FBD50021C5E703216FF400725A61620520
:1048E000BFD42405DDD51EF0010FD5D1D9E70221B3
:1048F000F2E7CAB90EF0F702212A04D0BEF1280F60
:1049000012D1212D10D190F83D20C56A082DD2B2C8
:104910001ED0202D1CD0212A37D06FF480625A611E
:1049200025050CD50368B7E76FF480625A6141F042
:104930000401AFE74FEA122E1EF0010FACD100299F
:10494000AFD103B030BD25054FF00101F4D4A8E785
:10495000282AE0D11A4AC2625A68019122F4E06220
:104960005A606FF480625A611A68009022F4806283
:104970001A6000232022036380F83D2080F83E3037
:10498000FFF70AF9DDE90001CAE70D4DC5620263D0
:10499000202280F83D20002280F83E205A680191B4
:1049A00022F4E0625A606FF480625A611A680090E3
:1049B00022F480621A60FFF7E9F8DDE90001AFE751
:1049C0000000FFFFF0B58BB0002800F0858090F864
:1049D000BD340468054603F0FF02002B76D0204664
:1049E000032385F8BD34E36B2E4613F4807308BFB0
:1049F0002B6102F095F856F810EBB446BCE80F00B6
:104A00006C460FC4BCE80F000FC49CE8030084E8A8
:104A100003002F1D97E80E00704601F07DFF04464D
:104A200030B101240223204685F8BD340BB0F0BD1F
:104A30000146286802F07CF8686858B322464FF0B7
:104A4000010E214602EBC20305EB830302F1010CC8
:104A500083F83C20A3F844205FFA8CF28242C3E939
:104A6000121183F83DE083F840105965EAD3002223
:104A700004EBC40305EB8303611C83F87C42CCB2D6
:104A80008442C3E9A22283F87D2283F88022C3F8FE
:104A90009422EDD30FCE6C460FC40FCE0FC496E810
:104AA000030084E8030097E80E00286802F078F815
:104AB00004460028B5D1012385F83800286885F818
:104AC000BD3402F01FFD20460BB0F0BD80F8BC24C1
:104AD000FDF76CFC286883E7012420460BB0F0BD8D
:104AE00010B590F8BC34012B0446006816D0A36AB8
:104AF0000122934284F8BC2408D002F009F820680F
:104B000002F0F0FC002084F8BC0410BDA3699342BD
:104B1000F3D0836B43F480338363EEE7022010BD50
:104B20002DE9F04F056889B00446284602F028FDBB
:104B300010B109B0BDE8F08F8346206802F0F2FCA6
:104B40000028F6D0D5F808382068C3F30D23C4F840
:104B5000FC3402F0E7FC10F0020F206805F500635A
:104B600003931EBF436903F00203436102F0DAFCC2
:104B700010F0100F206812D0836923F010038361B6
:104B80002E6AC6F34343022B06F00F0700F0CB83D7
:104B9000062B00F00783836943F01003836102F062
:104BA000C1FC070300F16982206802F0BBFC4603E8
:104BB00000F11182206802F0B5FC0028C0F2828169
:104BC000206802F0AFFC070500F13D81206802F08B
:104BD000A9FCC00400F1A081206802F0A3FC10F43D
:104BE000005F206840F0818102F09CFC010700F129
:104BF000E981206802F096FC020671D5AA69636813
:104C000022F08002012BAA616AD994F8A322012A1A
:104C100000F0EA83022B63D994F8C722012A00F03E
:104C2000FE83032B5CD994F8EB22012A00F0B382B7
:104C3000042B55D994F80F23012A00F0C682052BC6
:104C40004ED994F83323012A00F02684062B47D945
:104C500094F85723012A00F03384072B40D994F8A5
:104C60007B23012A00F04A84082B39D994F89F232A
:104C7000012A00F05784092B32D994F8C323012A62
:104C800000F064840A2B2BD994F8E723012A00F062
:104C900071840B2B24D994F80B24012A00F07E8414
:104CA0000C2B1DD994F82F24012A00F07F840D2BA2
:104CB00016D994F85324012A00F09F840E2B0FD9A3
:104CC00094F87724012A00F0A6840F2B08D994F8D1
:104CD0009B34012B04D1206804F5936102F016FB8C
:104CE000206802F01FFCC30240F1AB806368012B17
:104CF00040F2898094F86420D5F82019012A00F048
:104D00001382022B7FD994F88820D5F84019012A04
:104D100000F01D82032B76D994F8AC20D5F86019E9
:104D2000012A00F02082042B6DD994F8D020D5F808
:104D30008019012A00F02382052B64D994F8F4200D
:104D4000D5F8A019012A00F04383062B5BD994F80B
:104D50001821D5F8C019012A00F05583072B52D924
:104D600094F83C21D5F8E019012A00F06083082B63
:104D700049D994F86021D5F8001A012A00F063831C
:104D8000092B40D994F88421D5F8201A012A00F083
:104D90006E830A2B37D994F8A821D5F8401A012A36
:104DA00000F082830B2B2ED994F8CC21D5F8601A11
:104DB000012A00F097830C2B25D994F8F021D5F81F
:104DC000801A012A00F0A2830D2B1CD994F814221A
:104DD000D5F8A01A012A00F0AD830E2B13D994F850
:104DE0003822D5F8C01A012A00F0B8830F2B0AD94F
:104DF00094F85C22D5F8E01A012A00F0C383102B46
:104E000001D9D5F8003B2068436903F4801343615E
:104E100002F088FB870221D4206802F083FB400067
:104E200000F1C780206802F07DFB41077FF581AE6D
:104E300023685D686A0700F197825A682A435A60BE
:104E400077E62068E4E7039B9B68DE0700F1888231
:104E50002068436903F400634361B8E6D4F804C0F2
:104E6000BCF1010F28D905F532622346012106E085
:104E70000131614502F1200203F124031CD093F8B3
:104E8000A40216680128F3D1002EF1DAD4F8FC74DC
:104E900006F4803607F00107BE42E9D183F8A30289
:104EA000A86940F08000A86168690606E0D4039A0A
:104EB000536843F4007353602068436903F400139C
:104EC0004361AAE7039A536823F00103536094F8FF
:104ED000F434012B00F03481204603F007FF2068F2
:104EE000436903F0004343616BE602F04DFB206829
:104EF00001F09AFFE060266800F0DAFF227B0146AD
:104F0000304601F08BFD204603F0C2FE2068436965
:104F100003F40053436167E6039A2068536823F063
:104F200001035360102101F055FF6068E0B105F501
:104F300010634FF67F3199601A6822F400121A60EC
:104F4000C3F80812D3F8002222F40012C3F800229A
:104F5000D3F800220BF1010B42F000628345C3F845
:104F6000002203F12003E6D10399226BCB6943F0C1
:104F70000113CB61002A40F0CC804B6943F400530D
:104F800043F02B034B610B6943F00B030B61D5F826
:104F90000038217C206823F4FE63C5F8003804F251
:104FA000C44202F003FB2068436903F48053436169
:104FB00013E6204603F0A6FE2068436903F0804311
:104FC000436130E7204603F05FFE2068436903F049
:104FD000080343610EE6206802F0B0FA804600281C
:104FE0003FF4E8AD4FF0000A20680495274605F528
:104FF00010695646CDF814B009E05FEA580806F18A
:10500000010607F1240709F1200900F0E58018F0F6
:10501000010FF2D05FFA86FA514602F0A1FAC207F8
:10502000054613D5039901204B6B06F00F0200FAD9
:1050300002F223EA02034B632169C9F808008142A6
:1050400000F097815146204603F014FE2B0744BF21
:105050000823C9F80830E80644BF1023C9F808300F
:10506000690644BF4023C9F80830AA0700F14E8101
:105070002B0600F1F5802068BFE7206802F056FAA1
:10508000064600283FF490AD05F53067A2464FF084
:105090000009CDF810B008E0760809F1010907F120
:1050A00020070AF1240A00F09A80F007F4D55FFA8D
:1050B00089FB2068594602F049FA10F0010F80463A
:1050C00040F0AF8018F0080F40F08C8018F0100FFF
:1050D0001CBF1022BA6018F0020F0ED06A691106C8
:1050E00004D5039B5A6842F480625A609AF87F2282
:1050F000012A00F080810223BB6018F0200F1CBF42
:105100002023BB6018F4005F1CBF4FF40053BB604A
:10511000C2E7D1F8843043F00B03C1F884304B6C04
:1051200043F00B034B6432E70029BFF6EAAD21469A
:1051300084F8632051F8600B02F0E8F86368E0E55A
:10514000002184F8F414204600F0FAFBC7E6002999
:10515000BFF6E0AD214684F8872051F8840B02F0B9
:10516000D5F86368D6E50029BFF6DDAD214684F8A1
:10517000AB2051F8A80B02F0C9F86368D3E5002909
:10518000BFF6DAAD214684F8CF2051F8CC0B02F0FF
:10519000BDF86368D0E5206804F53A7102F0B6F80E
:1051A000636845E5082204F2C441284607EBC707B7
:1051B00002F006F904EB8702C6F30A13D2F89C1238
:1051C00020680B44C2F89C32E5E4206804F5437182
:1051D00002F09CF8636832E5DDE9045BEBE4DDF89E
:1051E00010B0E1E42168BD4B0822BA6001F53062DD
:1051F000096C02EB49129942906840F2CB8000049E
:1052000002D54FF400419160204603F023FD21694F
:1052100001297FF45BAF206804F2C44202F0C6F9B2
:1052200054E7206821690122BA6000F5306202EB80
:1052300049120129D0F840C0936800F0AF80A84916
:105240008C4500F00C81B9F1000F04D1D4F8942200
:10525000002A00F0DA815946204603F001FD31E7CB
:10526000FB6D7D6DD4F800B0AB4258463FF6C5AE3D
:105270000BF5106202EB461211469646BA6C89692C
:10528000CDF81CB0A5EB030C624528BF624689B27D
:105290000332B1EB920FC0F0978052460696CA4691
:1052A0002646C1467446904619E0ED1ABB6CF96C6F
:1052B0009D4228BF1D46337C00934246ABB2584600
:1052C00002F068F8FB6CA1692B44FB64FB6D89B2AA
:1052D0002B440335B1EB950FFB656DD37D6D9D427E
:1052E000E3D83446069ED4F800B0C846D146079BA2
:1052F00006F00F0203F500610125D3F8343805FAF2
:1053000002F223EA020358464B6376E604983146DC
:1053100001F060FD97F83F30012B00F0B4800223CC
:10532000C9F80830A4E647F6F0731E423FF433ACE8
:1053300007EBC70704EB8707C6F30A12D7F88C12EE
:105340002846164602F03CF8D7F88C3220683344E1
:10535000C7F88C32D7F89C323344C7F89C321AE431
:10536000204603F0ABFC73E5204603F0CFFC236836
:1053700063E5D7E912231344FB64002E7FF462AE89
:10538000636D002B7FF45EAE206804F2C44202F02D
:105390000DF957E6204603F05DFC97E6190740F14A
:1053A00097804E498C457FF68DAE18047FF58AAE06
:1053B0004FF40041916085E634467D6DD4F800B02D
:1053C000069EC8465846D146AB42FFF416AE8EE75D
:1053D0000029BFF6BAAC214684F8F32051F8F00B4F
:1053E00001F094FF6368B0E4206804F5287101F0CF
:1053F0008DFF63680EE4002359468AF87F32204609
:1054000003F078FC77E60029BFF6A8AC206884F8A2
:10541000172104F58A7101F079FF63689EE4206822
:1054200004F5317101F072FF6368FFF7FABB0029E0
:10543000BFF69DAC206884F83B2104F59C7101F017
:1054400065FF636893E40029BFF69AAC206884F88E
:105450005F2104F5AE7101F059FF636890E419040F
:10546000A6D49B067FF5F7AE20219160F3E60029D4
:10547000BFF68FAC206884F8832104F5C07101F079
:1054800045FF636885E44FF0000387F83F305146DD
:10549000204603F033FC42E7206804F54C7101F02C
:1054A00035FF6368FFF7D2BB0029BFF67BAC2068ED
:1054B00084F8A72104F5D27101F028FF636871E434
:1054C000206804F5557101F021FF6368FFF7C5BB43
:1054D000990673D520219160F4E500BF0A30544F3E
:1054E0000A31544F0029BFF666AC206884F8CB21FE
:1054F00004F5E47101F00AFF63685CE4206804F5D8
:105500005E7101F003FF6368FFF7AEBB0029BFF6D1
:105510005BAC206884F8EF2104F5F67101F0F6FE2B
:10552000636851E4206804F5677101F0EFFE636879
:10553000FFF7A1BB0029BFF650AC206884F8132206
:1055400004F5047101F0E2FE636846E4206804F5A6
:10555000707101F0DBFE6368FFF794BB0029BFF6B2
:1055600045AC206884F8372204F50D7101F0CEFEB9
:1055700063683BE4206804F5797101F0C7FE636855
:10558000FFF787BB0029BFF63AAC206884F85B229E
:1055900004F5167101F0BAFE636830E4206804F582
:1055A000816101F0B3FE6368FFF77ABB206804F203
:1055B0002C4101F0ABFE6368FFF779BB13F0280FB5
:1055C0007FF480AD1B498C4502D91B043FF5F0AE3A
:1055D0001169DAF89822C1F31201521ACAF89C2212
:1055E000B9F1000F7FF437AED4F89412D9B1D4F8E2
:1055F0008C120A44C4F88C222DE6206804F58A61D6
:1056000001F084FE6368FFF759BB04F2C4424946C7
:1056100001F0CCFF1FE6206804F2744101F076FE31
:105620006368FFF752BB04F2C442012101F0BEFFE0
:1056300011E600BF0A30544F90F8BC24012A0DD067
:1056400010B504460122006884F8BC2484F83810A0
:1056500001F038FF002084F8BC0410BD0220704720
:1056600010B501F00F0E0906044627D44FF0240CA4
:105670000CFB0E0C0CF51F710EEBCE0C00EB8C0C22
:1056800000208CF87D02CA604A7881F800E00B7136
:105690000AB1A1F808E0022B04BF00234B7194F873
:1056A000BC34012B18D0012384F8BC34206801F0ED
:1056B000C7FB002384F8BC34184610BD242000FB2F
:1056C0000E4000F13C010EEBCE0004EB80004FF0E9
:1056D000010C80F83DC0D6E7022010BD01F00F0399
:1056E00003EBC30211F0800F4FF0240110B500EB63
:1056F0008202044601FB030113D101F51F71002052
:1057000082F87D020B7094F8BC34012B12D0012377
:10571000206884F8BC3401F0DFFB002084F8BC046E
:1057200010BD3C31012082F83D000B7094F8BC3470
:10573000012BECD1022010BD10B501F00F0404EBD9
:10574000C40C00EB8C0C2421CCF894320023CCF850
:105750008C228CF87C42CCF89C328CF87D32036928
:1057600001FB0401012B08BFCCF89022006801F571
:105770001F71DAB21CB901F01DFD002010BD01F04F
:105780000DFC002010BD00BF01F00F0101EBC101B5
:1057900000EB8101D1F89C02704700BF10B501F009
:1057A0000F0404EBC40C00EB8C0C2421CCF8543017
:1057B0000023CCF85C300123CCF84C208CF83C4022
:1057C0008CF83D30036901FB0401012B08BFCCF8C4
:1057D000502000683C31DAB21CB901F0EBFC00202B
:1057E00010BD01F0DBFB002010BD00BF38B54368E1
:1057F00001F00F059D4233D80B0604461CD401EB83
:10580000C103242202FB010100EB830301F51F7198
:10581000002283F87D2201238B700D7094F8BC2444
:105820009A421BD0206884F8BC3401F0F1FDCDB160
:10583000002084F8BC0438BD05EBC503242101FB1E
:10584000050100EB830301223C3183F83D20012355
:105850008B700D7094F8BC249A42E3D1022038BDBD
:10586000012038BD217C206804F2C44201F09EFE74
:10587000DEE700BF426838B501F00F0393422ED82F
:1058800003EBC30211F0800F4FF02401044600EB3C
:10589000820201FB030115D101F51F7100200025D3
:1058A00082F87D028D700B7094F8BC34012B14D0FB
:1058B0000123206884F8BC3401F0D8FD84F8BC547E
:1058C000284638BD3C310120002582F83D008D700E
:1058D0000B7094F8BC34012BEAD1022038BD0120B2
:1058E00038BD00BF10B40468606A31B940EA0240B4
:1058F000A06200205DF8044B7047A36AB1F1010C6F
:1059000000EB13400BD0002303F1400104EB8101B5
:1059100001334968DBB2634500EB1140F4D30CF16D
:10592000400C04EB8C0C40EA0240CCF804005DF81B
:10593000044B0020704700BF036800205962704785
:10594000704700BF002800F0A2812DE9F0410368F4
:10595000DD0782B004462FD59E498A6802F00C020A
:10596000042A00F0ED808A6802F00C02082A00F098
:10597000E3806368B3F5803F00F0EC80B3F5A02FBF
:1059800000F07581934D2A6822F480322A602A68DB
:1059900022F480222A60002B40F0E180FCF798FD81
:1059A000064605E0FCF794FD801B642800F20181A7
:1059B0002B689B03F6D423689F0728D5854A9168F6
:1059C00011F00C0F00F09080916801F00C01082993
:1059D00000F08680E368002B00F00E817E4B7D4E48
:1059E00001221A60FCF774FD054605E0FCF770FD26
:1059F000401B022800F2DD8033689807F6D5336833
:105A0000226923F0F80343EAC203336023681A07CC
:105A100051D458072FD56F4A136C13F080537FD0A1
:105A200000256E4E3368D90540F1B380A368012B81
:105A300000F0C380052B00F02C81664E326F22F0FF
:105A400001023267326F22F004023267002B40F00D
:105A5000B980FCF73DFD41F28838074605E0FCF7C8
:105A600037FDC01B404500F2A480336F9807F6D481
:105A7000002D40F00681A069C8B1564DAB6803F017
:105A80000C03082B00F0C980534B002202281A6631
:105A900000F00981FCF71CFD044605E0FCF718FD49
:105AA000001B022800F285802B689B01F6D40020A1
:105AB00002B0BDE8F08163690BB3474B454E01224C
:105AC000C3F8802EFCF704FD054604E0FCF700FD5A
:105AD000401B02286DD8736F9B07F7D5236898E7A2
:105AE000526856023FF576AF3A4A1268950744D598
:105AF000E268012A41D0012002B0BDE8F081364AB7
:105B0000344EC2F8803EFCF7E3FC054604E0FCF7A7
:105B1000DFFC401B02284CD8736F9F07F7D4DDE7EA
:105B20000193136C43F080531364136C03F08053A0
:105B30000193019B012574E74A6850027FF519AF74
:105B4000244A126891037FF537AF6268002A7FF418
:105B500033AFD0E71F4A136843F480331360FCF778
:105B6000B7FC1C4E054604E0FCF7B2FC401B642861
:105B70001FD833689A03F7D51DE7164920690A68CC
:105B800022F0F80242EAC0020A601A077FF541AF2C
:105B900091E7336843F480733360FCF799FC074660
:105BA0003368DA053FF542AFFCF792FCC01B0228D0
:105BB000F6D9032002B0BDE8F081064A136F43F026
:105BC00001031367FCF784FC024F064641F2883854
:105BD0000BE000BF00380240000047420070004068
:105BE000FCF776FC801B4045E3D83B6F9B07F7D55D
:105BF000002D3FF440AF44E0424A434E1360FCF7AF
:105C000067FC054604E0FCF763FC401B0228D0D883
:105C100033689907F7D42368F9E601283FF448AFC1
:105C20006B68E26903F4800191427FF464AF226AF9
:105C300003F03F0191427FF45EAF616A47F6C072A4
:105C40001A40B2EB811F7FF456AFA26A520803F4E8
:105C50004031013AB1EB024F7FF44DAFE26A03F0FD
:105C60007063B3EB026F14BF0120002020E7264BC6
:105C70001A6842F480221A601A6842F480321A606C
:105C80006DE7214A136C23F080531364F3E601207F
:105C900070471D4B1A6F42F004021A671A6F42F0E8
:105CA00001021A678EE7FCF713FC064605E0FCF7D5
:105CB0000FFC801B02283FF67CAF2B689901F6D4BD
:105CC000D4E90731626A0B4343EA8213D4E90A211B
:105CD000520843EA0163013A0A4943EA02430122B6
:105CE0006B600A66FCF7F4FB074D044605E0FCF721
:105CF000EFFB001B02283FF65CAF2B689A01F6D53C
:105D0000D5E600BF0000474200380240164908B5FA
:105D10008B6803F00C03042B1BD0082B17D14A68A7
:105D20004B68496813F4800302F03F0213D10F4817
:105D3000C1F38811A1FB0001FAF7A2FA0A4B5B68D4
:105D4000C3F3014301335B00B0FBF3F008BD074828
:105D500008BD074808BD0648C1F388110023A1FB10
:105D60000001FAF78DFAE9E7003802400024F40058
:105D700040787D01002800F08780484A136803F0CE
:105D800007038B422DE9F0410D46044609D2CBB200
:105D90001370136803F007038B4202D00120BDE8A3
:105DA000F0812368980714D5590704D53C498A68BF
:105DB00042F4E0528A601A0704D539498A6842F4ED
:105DC00060428A603649A0688A6822F0F002024385
:105DD0008A60DF0721D56268012A57D0931E012B04
:105DE0002F4B1B684DD99907D8D52D4EB36823F09A
:105DF00003031343B360FCF76BFB41F2883807469B
:105E000004E0FCF765FBC01B404544D8B3686268FA
:105E100003F00C03B3EB820FF3D1204A136803F0B5
:105E20000703AB4206D9EBB21370136803F0070304
:105E3000AB42B3D123685A0706D51949E0688A688E
:105E400022F4E05202438A601B0707D5144A2169F5
:105E5000936823F4604343EAC1039360FFF756FF5E
:105E60000F4A104C92681049C2F303120346A25C19
:105E70000E48D34000680B60FBF7DCFF0020BDE854
:105E8000F0819801B1D489E701207047044B1B6869
:105E90009E03AAD482E7032081E700BF003C0240B2
:105EA00000380240B8B90008BC010020C40100203D
:105EB000014B1868704700BFBC010020044B054926
:105EC0009B68054A0868C3F38223D35CD8407047B7
:105ED00000380240BC010020C8B90008044B054945
:105EE0009B68054A0868C3F34233D35CD8407047C7
:105EF00000380240BC010020C8B900080E4B0F2238
:105F000002609A6802F0030242609A6802F0F002AE
:105F100082609A6802F4E052C2609B68DB0810B4A9
:105F200003F4E053054C036123685DF8044B03F070
:105F300007030B60704700BF00380240003C02407E
:105F4000704700BF002876D010B590F83D30044669
:105F500003F0FF02002B55D022683849022384F851
:105F60003D308A42136852D0B2F1804F21D0A1F562
:105F70007C418A421DD001F580618A4219D001F529
:105F800080618A4215D001F59A318A4215D001F517
:105F900080618A4211D001F580618A420DD0A069EA
:105FA000E16823F08003034313606368D162936266
:105FB00010E0A16823F070030B432069A16923F46A
:105FC0004073034323F08003E0680B436168136070
:105FD000D06291620123536184F8463084F83E30E8
:105FE00084F83F3084F8403084F8413084F84230FF
:105FF00084F8433084F8443084F8453084F83D30E8
:10600000002010BD80F83C20FFF79AFFA4E7A068AD
:10601000216923F07003034323F440730B43A16908
:1060200023F080030B431360E368D36263689362D9
:1060300063691363CEE70120704700BF0000014091
:1060400090F83D30012B27D103681549022280F8D2
:106050003D20DA688B4242F00102DA6011D0B3F1E0
:10606000804F0ED00F4A93420BD002F580629342CC
:1060700007D002F58062934203D002F59A32934230
:1060800004D19A6802F00702062A07D01A6842F083
:10609000010200201A6070470120704700207047FD
:1060A0000000014000040040002876D010B590F8B0
:1060B0003D30044603F0FF02002B55D022683849DA
:1060C000022384F83D308A42136852D0B2F1804FE7
:1060D00021D0A1F57C418A421DD001F580618A4220
:1060E00019D001F580618A4215D001F59A318A42B2
:1060F00015D001F580618A4211D001F580618A4294
:106100000DD0A069E16823F0800303431360636846
:10611000D162936210E0A16823F070030B43206901
:10612000A16923F44073034323F08003E0680B4329
:1061300061681360D06291620123536184F8463034
:1061400084F83E3084F83F3084F8403084F84130A1
:1061500084F8423084F8433084F8443084F8453081
:1061600084F83D30002010BD80F83C20FBF7CAFFCA
:10617000A4E7A068216923F07003034323F440736C
:106180000B43A16923F080030B431360E368D362E0
:106190006368936263691363CEE70120704700BFB1
:1061A0000000014070B505460C46002940F0828091
:1061B00090F83E100229C8B24FD095F83E10A1F1D8
:1061C0000101B1FA81F14909002949D0002A45D0DD
:1061D000002C47D1022185F83E10686A744E1146A2
:1061E0002A68C663734E0664734EC6643432FCF785
:1061F000CBFC002834D12B68DA6842F40072DA60F4
:10620000186A012204F01F0402FA04F420EA0400D0
:106210001862196A694A0C4393421C6200F0C180FB
:10622000B3F1804F0ED0664A93420BD002F58062E4
:10623000934207D002F58062934203D002F59A326E
:10624000934205D19A6802F00702062A00F0AE8058
:106250001A6842F0010200201A6070BD002BB7D00E
:10626000012070BD042C60D0082C4FF0020146D0F4
:1062700085F841100C2CF3D801A151F824F000BF8F
:10628000DB61000861620008616200086162000869
:106290003163000861620008616200086162000801
:1062A00061620008616200086162000861620008C2
:1062B00059630008042964D008290CBF90F84010E5
:1062C00090F84110A1F10201B1FA81F1490979B9BF
:1062D000002C3FF472AF042C5BD0082C0AD095F848
:1062E00041100129BCD1002ABED1002BBCD0B7E798
:1062F000022070BD95F840100129F4D0B0E7E86A9B
:106300002B4E85F8401011462A68C663294E066454
:10631000294EC6643C32FCF737FC0028A0D12B681C
:10632000DA6842F40062DA606AE7022185F83F1019
:10633000A86A1F4E11462A68C6631E4E06641E4E8A
:10634000C6643832FCF720FC002889D12B68DA6853
:1063500042F48062DA6053E7286B154E11462A68D2
:10636000C663144E0664144EC6644032FCF70CFC3F
:1063700000287FF475AF2B68DA6842F48052DA6047
:106380003EE790F83F10A1F10201B1FA81F149090D
:106390009DE795F83F10A1F10101B1FA81F149099A
:1063A00012E75A6C42F400425A644BE7002070BD79
:1063B000DD650008656600081D68000800000140F2
:1063C0000004004090F83C30012B00F0CA8001230B
:1063D000F0B480F83C300C2A08D8DFE802F03D0722
:1063E000070768070707960707070E00002380F8CE
:1063F0003C3001221046F0BC704703680E681A6AF0
:1064000022F480521A621A6A5D68DC6924F4E64458
:1064100044EA06248E6822F4005242EA06326B4EA9
:10642000B34200F0BD805D60DC614C681C641A62A0
:10643000DA690D6942F40062DA61DC6924F480648F
:10644000DC61D96941EA0521D961002380F83C303B
:1064500000221046F0BC704703680E681A6A22F0EA
:1064600001021A621A6A5D689C6924F0730434435D
:106470008E6822F002023243544EB34274D05D6003
:106480009C614C685C631A629A690D6942F008026B
:106490009A619C6924F004049C619969294399617B
:1064A000002380F83C3000221046F0BC704703689F
:1064B0000E681A6A22F010021A621A6A5D689C69F4
:1064C00024F4E64444EA06248E6822F0200242EADC
:1064D00006123E4EB34254D05D609C614C689C6392
:1064E0001A629A690D6942F400629A619C6924F407
:1064F00080649C61996941EA05219961002380F8D3
:106500003C3000221046F0BC704703680E681A6ADF
:1065100022F480721A621A6A5D68DC6924F07304DE
:1065200034438E6822F4007242EA0622274EB342B8
:106530003CD05D60DC614C68DC631A62DA690D692D
:1065400042F00802DA61DC6924F00404DC61D969F4
:106550002943D961002380F83C3000221046F0BC6A
:106560007047022210467047CE6822F0080232437C
:10657000D1E9056725F440753E4322F00402354316
:106580007DE7CE6822F0800242EA0612D1E9056773
:1065900025F440653E4322F0400245EA86059BE72C
:1065A0004E6925F4804545EA86153CE7CE6822F41D
:1065B000006242EA0622D1E9056725F440553E43D0
:1065C00022F4806245EA0615B3E700BF00000140EF
:1065D000704700BF704700BF704700BF10B5846BA5
:1065E000636A83421CD0A36A83420BD0E36A83426E
:1065F00023D0236B834229D02046FFF7EDFF0023F1
:10660000237710BD02222277DB69002BF4D101230E
:1066100084F83F302046FFF7DFFF0023237710BDCB
:1066200001222277DB69002BE6D184F83E20204648
:10663000FFF7D2FF0023237710BD04222277DB6906
:10664000002BD9D1012384F84030D5E708222277E6
:10665000DB69002BD0D1012384F84130CCE700BFA7
:10666000704700BF10B5846B636A834218D0A36A79
:1066700083420DD0E36A83421AD0236B834204BF66
:10668000082323772046FFF7EBFF0023237710BD75
:10669000022323772046FFF7E3FF0023237710BD73
:1066A000012323772046FFF7DBFF0023237710BD6C
:1066B000042323772046FFF7D3FF0023237710BD61
:1066C000704700BF03681A69910710B5044602D5E8
:1066D000DA6892075FD41A69500702D5DA68510761
:1066E00046D41A69120702D5DA6810072ED41A693F
:1066F000D20602D5DA68D00618D41A69D10702D5B5
:10670000DA68D2075DD41A69100602D5DA68110674
:106710005FD41A69520602D5DA68500661D41A6944
:10672000910602D5DA68920643D410BD6FF01001CD
:10673000082219612277DB6913F4407F204664D078
:10674000FFF748FF002223682277D6E76FF00801A1
:10675000042219612277DB699907204652D1FFF79D
:1067600037FF2046FFF738FF002223682277BEE775
:106770006FF004010222196122779B6913F4407FB4
:1067800020463CD1FFF724FF2046FFF725FF0022DB
:1067900023682277A5E76FF00201012219610277D1
:1067A0009B699B0725D0FFF715FF002223682277FE
:1067B00091E76FF0200220461A61BDE8104000F01A
:1067C000A7B86FF001021A612046FBF7FFFA2368B1
:1067D00099E76FF080021A61204600F09BF8236869
:1067E00097E76FF040021A612046FFF769FF2368C0
:1067F00095E7FFF7EDFE2046FFF7EEFED5E7FFF742
:10680000E9FEC4E7FFF7E6FEAEE7FFF7E1FE20464C
:10681000FFF7E2FE96E700BF704700BF10B5846B3C
:10682000636A83421CD0A36A83420ED0E36A834228
:1068300020D0236B834228D0012384F83D302046AA
:10684000FFF7EAFF0023237710BD0123022284F81B
:106850003F3022772046FFF7DFFF0023237710BD6C
:106860000123237784F83E302046FFF7D5FF00232D
:10687000237710BD0123042284F84030227720467C
:10688000FFF7CAFF0023237710BD0123082284F8F5
:10689000413022772046FFF7BFFF0023237710BD4A
:1068A00090F83C30012B2FD00368022230B480F8DE
:1068B0003D205A680D689C6822F070022A435A6095
:1068C000124A934212D0B3F1804F0FD0A2F57C420E
:1068D00093420BD002F58062934207D002F58062AA
:1068E000934203D002F59A32934204D14A6824F0CD
:1068F000800414439C600023012280F83D2080F82E
:106900003C3030BC18467047022070470000014000
:10691000704700BF704700BF84B082B00DF10C0C0F
:106920008CE80E00089A012A03462CD1826B0F993D
:1069300022F480328263C26822F4840222F0400290
:10694000C260C268012922F44012C2605FD00022F6
:106950003149009202E01A69002A2DDB009A0132C7
:106960000092009A8A42F6D90320069A012A07D19A
:106970009A6842F006029A609A6842F020029A6091
:1069800002B004B07047C2682349002042F04002C0
:10699000DA60019002E01A69002A25DB019A0132CF
:1069A0000192019A8A42F6D903200C9ABAB99A6BDD
:1069B00042F480329A63D8E7002200921A6916499D
:1069C00042F001021A6103E0186910F00100CCD016
:1069D000009A01320092009A8A42F5D9C4E79A6B74
:1069E00022F480329A63C0E7002201921A690A49B0
:1069F00042F001021A6103E0186910F00100D4D0DE
:106A0000019A01320192019A8A42F5D9CCE7C26813
:106A100042F48012C2609AE7400D0300022A034646
:106A20000BD04FF4105CD96821F47051D960DA684A
:106A300042EA0C020020DA607047264A26480A44DF
:106A4000824232D9254A26480A44824230D9254812
:106A5000A1F57402A2F5105282422CD92248A1F16C
:106A60008372A2F5E742824228D3204A20480A4492
:106A7000824226D91F4A20480A44824224D31F4A10
:106A80001F480A448242CCD31E48A1F1B772A2F536
:106A9000585282421BD31C4A1C480A44824234BFCB
:106AA0004FF4E05C4FF4C05CBDE74FF4705CBAE7B4
:106AB0004FF4605CB7E74FF4505CB4E74FF4405CD0
:106AC000B1E74FF4305CAEE74FF4205CABE74FF436
:106AD000005CA8E7405327FFFF340C00401E1BFF5B
:106AE0003F420F007F4F120020D6130060B6E5FE34
:106AF0005FE3160000D3CEFE40771B00C05BB3FE01
:106B0000C091210020753800E05459FEE09C4100FE
:106B1000034600209A6842F001029A60704700BF65
:106B2000034600209A6822F001029A60704700BF75
:106B300038B5C368012923F0C0430546C36018D0A7
:106B4000A9B9C36843F080430C46C36001E0322C0E
:106B50000DD00120FBF7C2FC6B69DB0704F10104D7
:106B6000F5D4A4F13200B0FA80F0400938BD01201C
:106B700038BDC36843F000530024C36001E0322CE9
:106B8000F5D00120FBF7AAFC6B69DA0704F10104D8
:106B9000F5D5A4F13200B0FA80F04009E6E700BF75
:106BA00084B02DE9F04383B00BAC159D84E80E0052
:106BB0000023C0F804310C46C0F80831C0F80C318D
:106BC000C0F81031C0F81431C0F81831C0F81C31C9
:106BD000C0F82031C0F82431C0F82831C0F82C3179
:106BE000C0F83031C0F83431C0F83831C0F83C3129
:106BF000002D40F0AE80D0F8043800F5006C43F072
:106C00000203CCF80430836B43F400138363836B7B
:106C100023F400238363836B23F4802383630023A3
:106C2000C0F8003EDCF80030CCF80030109B012B9F
:106C300000F0BE80DCF8003043F00303CCF80030F5
:106C40000023624A009303E00369002BC0F29D8099
:106C5000009B01330093009B9342F5D9012100234F
:106C60005A4A019302E00369002B7DDB019B01334B
:106C70000193019B9342F6D901210022CCF8102008
:106C8000CCF81420CCF81C20E4B100F510631746B2
:106C90004FF090484FF000694FF67F3E08E01F60CC
:106CA000013294421F61C3F808E003F1200332D09F
:106CB0001E68002EF3DA12B1C3F80080F0E7C3F8C3
:106CC0000090EDE7DCF8103023F48073CCF810303E
:106CD00000220E9B82616FF0804242611BB9836982
:106CE00043F0100383618269394B1343119A836126
:106CF0001AB1836943F008038361012D05D18369CB
:106D000043F0804343F004038361084603B0BDE8C9
:106D1000F04304B07047002200F5306317464FF08F
:106D200090484FF000694FF67F3E08E01F60013247
:106D300094421F61C3F808E003F12003C2D01E682B
:106D4000002EF3DA12B1C3F80080F0E7C3F8009028
:106D5000EDE7836B23F400138363836B43F4002319
:106D600000F5006C83635AE7002301931023174A50
:106D7000036103E00369DB067FF57FAF019B01330D
:106D80000193019B9342F5D976E7002300934FF4DA
:106D900084630E4A036104E0016911F020013FF4AD
:106DA0005EAF009B01330093009B9342F4D955E7FB
:106DB0000D9B23B9DCF80030CCF8003040E7DCF85C
:106DC000003043F00103CCF8003039E7400D0300F8
:106DD00000383C8082B00023124A019302E003692C
:106DE000002B08DB019B01330193019B9342F6D9F1
:106DF000032002B070478901002341F02001019374
:106E0000084A016103E0036913F0200306D0019BE7
:106E100001330193019B9342F5D9E9E7184602B08B
:106E2000704700BF400D0300D0F8083813F006008B
:106E300004D013F0020F14BF02200F20704700BFD0
:106E400030B44B780A78012B22D0D0F81C4802F0DD
:106E50000F0C4FF4803303FA0CF3234300EB421280
:106E6000C0F81C38D2F8003B1B040ED4CB68D2F813
:106E7000000B0979C3F30A03034343EA814343F058
:106E8000805343F40043C2F8003B002030BC7047FD
:106E9000D0F81C5802F00F0C03FA0CF300F5006454
:106EA0002B4300EB4210E361D0F800391C04ECD412
:106EB000CB68D0F800490979C3F30A03234343EAB6
:106EC000814343EA825242F0805242F40042C0F8C9
:106ED000002930BC0020704710B44A780B78012A92
:106EE00000EB43122CD0D2F8001B00291BDBD0F89A
:106EF0003C484FF4803103F00F0301FA03F324EA16
:106F00000304C0F83C48D0F81C48224924EA030393
:106F1000C0F81C38D2F8003B5DF8044B1940002043
:106F2000C2F8001B7047D2F8001B41F00061C2F8A4
:106F3000001BD2F8001B41F08041C2F8001BD6E7CD
:106F4000D2F8001900290BDAD2F8001941F00061DB
:106F5000C2F80019D2F8001941F08041C2F80019B6
:106F6000D0F83C1803F00F040123A34021EA0301E9
:106F7000C0F83C18D0F81C48074924EA0303C0F8BD
:106F80001C38D2F800395DF8044B19400020C2F8D3
:106F9000001970470078F3EF007833EC2DE9F041E9
:106FA0004C7891F800C0012C4FD000EB4C1C0CF534
:106FB00030631C69E40CE4041C611C6924F0FF5478
:106FC00024F4C0141C618C6974B3CD68784E2C44D1
:106FD000013CB4FBF5F4A4B204FB05F506EAC44495
:106FE0001E69CD6134431C611C69C5F3120525433C
:106FF000012A1D6124D00B79012B0CD1D0F808385F
:1070000013F4807FDCF8003B0CBF43F0005343F0E7
:107010008053CCF8003BDCF8003B43F00443CCF851
:10702000003B0020BDE8F081CC681D69C4F3120468
:107030002C431C611C69012A44F400241C61DAD130
:107040000A69002AD7D05A61D5E78E6900EB4C1542
:10705000DEB3D5F81039CF68DB0CDB04C5F8103986
:10706000D5F8103923F0FF5323F4C013C5F81039B5
:107070004F4BD5F8108906EB070E0EF1FF3EBEFB15
:10708000F7FE03EACE4343EA0803C5F81039D5F802
:107090001079C6F312033B43C5F810390F79012F5D
:1070A00005F5106353D0012A6DD0D5F8003943F0AF
:1070B0000443C5F80039D0F834380CF00F0C04FA4A
:1070C0000CF41C43C0F83448ABE7D5F8104924F061
:1070D000FF5424F4C014C5F81049D5F8104944F4FD
:1070E0000024C5F81049D5F81049E40CE404C5F8AB
:1070F0001049012A05F510630F7939D0D5F80049F8
:10710000012F44F00444C5F800498AD1D0F808485A
:1071100014F4807F1C680CBF44F0005444F0805489
:107120001C60002A7FF47DAFB6B20336B6083FF488
:1071300078AF0B6900EB0C3C0CF5805C03EB86012F
:1071400053F8042BCCF800208B42F9D169E71C6975
:1071500024F0C0441C611C69012A44F000541C61E5
:1071600016D0D5F8004944F00444C5F80049CDE7ED
:107170004A695AB9012F0ED01A6842F004421A60C7
:107180000020BDE8F0814A69002AF5D05A61F1E794
:107190004A69002AFAD1D0F8082812F4807F1A68C8
:1071A0000CBF42F0005242F080521A60E4E700BF88
:1071B0000000F81F4B78012BF0B40C7828D000EBBE
:1071C000441000F530631C69E40CE4041C611C6984
:1071D00024F0FF5424F4C0141C618C69ACB9CC6851
:1071E0001D69CC6145F400251D611D69C4F31204BD
:1071F0002C43012A1C6143D0D0F8003B43F00443E8
:10720000C0F8003B0020F0BC7047CC688C61E7E719
:107210008D69002D39D000EB441CCE68DCF81039A4
:10722000DB0CDB04CCF81039DCF8103923F0FF5309
:1072300023F4C013B542CCF810390CF5106352D9C1
:107240001D698E6145F400251D611F69C6F3120595
:107250003D43012A1D613CD0DCF8003943F0044372
:10726000CCF80039002ECDD0D0F8343804F00F021D
:10727000012494401C43C0F834480020F0BC7047FF
:107280000A69002AB8D05A61B6E700EB4410012A17
:10729000D0F8105925F0FF5525F4C015C0F8105945
:1072A000D0F8105945F40025C0F81059D0F81059FD
:1072B0004FEAD5454FEAC54500F510631D6108D07A
:1072C000D0F8003943F00443C0F80039F0BC002086
:1072D00070474A6902B15A611A6842F004420020BC
:1072E000F0BC1A6070471E6946F400261E611E69D4
:1072F000C5F312053543012A1D61EAD0DCF80039D7
:1073000043F00443CCF80039AEE700BF4B7882B0BD
:107310000022012B01920B7820D000F5306000EBA9
:1073200043100368002B02DB002002B070470368A3
:1073300043F000630360036843F0804342F210723D
:10734000036002E00368002BEEDA019B0133019336
:10735000019B9342F6D9012002B0704700F51060FE
:1073600000EB43131A68002ADEDA1A6842F0006262
:107370001A601A6842F0804242F210711A6002E00C
:107380001A68002AD0DA019A01320192019A8A42DF
:10739000F6D9E0E710B49DF8044064B903339B08C4
:1073A00009D0013200EB023001EB830351F8042BCA
:1073B00002608B42FAD100205DF8044B704700BF99
:1073C0005FEA920C70B5054602F003061ED000F588
:1073D000805E0A4600230133DEF8004042F8044B89
:1073E0009C45F8D101EB8C007EB105F58055731EEC
:1073F0002A6802709BB23BB1012B4FEA122118BFE1
:10740000120C417018BF8270304470BD0846EBE723
:107410004A780B78012A00EB43100CD0D0F8002BEF
:10742000002A00DBD3B9D0F8003B43F40013C0F8C6
:10743000003B00207047D0F80029002A06DB2BB162
:10744000D0F8003923F08043C0F80039D0F8003973
:1074500043F40013C0F8003900207047D0F8003B17
:1074600023F08043C0F8003BDDE700BF4A780B788B
:10747000012A00EB431013D0D0F8003B23F4001393
:10748000C0F8003B0B79023B012B01D9002070476B
:10749000D0F8003B43F08053C0F8003B0020704719
:1074A000D0F8003923F40013C0F800390B79023BFF
:1074B000012BEBD8D0F8003943F08053C0F80039E5
:1074C00000207047D0F8003823F4FE63C0F800387D
:1074D000D0F80038090101F4FE611943C0F8001822
:1074E00000207047D0F8002E034622F00302C3F8B4
:1074F000002ED3F8043800F5006123F002030020C9
:107500004B607047D0F8002E034622F00302C3F808
:10751000002ED3F8043800F5006143F00203002088
:107520004B6070474269806910407047D0F8183846
:1075300000F50060C0691840000C7047D0F818389A
:1075400000F50060C069184080B2704700EB41113F
:1075500000F50060D1F8082B40691040704700BF6B
:10756000D0F81028D0F8343800EB411001F00F01AA
:10757000CB40DB01D0F80809DBB213431840704759
:10758000406900F001007047D0F80029034622F45A
:10759000FF6222F00702C3F80029D3F8043800F58F
:1075A000006143F4807300204B60704710B4144BAB
:1075B000046C9C421AD800F5306000230361036913
:1075C00043F400230361036943F018030361036973
:1075D000012943F0C043036104D14261036843F0D1
:1075E0008023036000205DF8044B7047D0F8003B17
:1075F000002B00F53060E0DA00205DF8044B7047A6
:107600000A30544F08B500F0DBFC18491848002236
:1076100000F090FE70B91749154800F09DFE88B93A
:107620001549134800F042FBA0B9114800F0BAFE1A
:10763000B8B908BDFAF7D4FB0E490D4800F08CFE2E
:107640000028EDD0FAF7CCFB0B49094800F02EFBDF
:107650000028EAD0FAF7C4FB054800F0A3FE002892
:10766000E7D0BDE80840FAF7BBBB00BFDC01002053
:10767000482700200C030020C8010020002070478C
:107680000020704708B5044A044902EBC01200F01C
:1076900023FB002008BD00BF6C2A002048270020E3
:1076A000202922D021292CD1174B53F830101170EA
:1076B00010B453F830404FEA142C82F801C053F84C
:1076C00030404FEA144C82F802C003EBC00153F87B
:1076D00030305DF8044B1B0ED3700B7913714B796E
:1076E00053718B79937100207047074B116843F8F1
:1076F000301003EBC0001379037153794371937910
:1077000083710020704700BF642A002070B50646D0
:107710000C4615460A46174900F0DEFA3046164E6A
:10772000144900F00BFB3168402910D02A685AB187
:107730001249601E034610F8012F01F8012B023395
:107740002A681B1B9A42F5D83260002070BD2B6856
:1077500063B10B48621E134612F8011F00F8011FA7
:10776000023329681B1B9942F5D840313160002053
:1077700070BD00BF48270020281F0020281E0020C1
:10778000671E002038B50B4D4FF4077303FB0055FF
:10779000D5F814320BB1012038BD8C46044613468F
:1077A0000549624600F08AFA20460349BDE83840A0
:1077B00000F09EBAEC2C002048270020122301483C
:1077C0000B807047F8010020042301480B807047AC
:1077D0000C02002010B5044C04480A46214601F072
:1077E000CBF9204610BD00BFEC2A0020D8B9000814
:1077F00010B5044C04480A46214601F0BDF9204664
:1078000010BD00BFEC2A0020ECB9000810B5044CF4
:1078100004480A46214601F0AFF9204610BD00BFDA
:10782000EC2A002004BA000810B5044C04480A46AB
:10783000214601F0A1F9204610BD00BFEC2A00202E
:1078400014BA0008454AD2F8100AD2F8183A4FF094
:107850001A0CC318A1F800C001D141487047D2F8F2
:10786000141A3F4A180FB3F1204F2CBF3730303075
:107870009070C3F3036009288CBF3730303010712B
:10788000C3F3035009288CBF373030309071C3F3F5
:10789000034009288CBF373030301072C3F30330F7
:1078A00009288CBF373030309072C3F30320092889
:1078B0008CBF373030301073C3F30310092803F046
:1078C0000F038CBF37303030092B94BF3033373340
:1078D00013740023B1F1204F53744FEA11732CBF7E
:1078E000373330339374C1F30363092B8CBF3733C1
:1078F00030331375C1F30353092B4FF0000C8CBFC9
:107900003733303382F803C04FF0000C82F805C0E3
:1079100090734FF0000C00209375C1F30343092BC3
:1079200082F807C0D0734FF0000C4FF0000094BFF6
:107930003033373382F809C0D0744FF0000C002088
:1079400082F80BC050754FF0000C00201376002316
:10795000D07582F80DC00248537670470070FF1F43
:107960001002002038B5D0F8BC3223B1084C94F88E
:107970000012FF2901D1002038BD9D6894F8013222
:1079800022460020A847FF2384F80032002038BD9B
:10799000EC2C00204B230380004870476802002035
:1079A0004B23038000487047B40200200A23038061
:1079B000004870470003002010B5044601F06AFA41
:1079C000064AD4F8BC32D2F80412DB68C2F80C02C2
:1079D00002F5037200209847002010BDEC2C002017
:1079E00001EB810C00EB8C0C38B5DCF818400B4631
:1079F000024664B1D0F8105301EBC10E05EB8E0EB8
:107A0000DEF84850B4FBF5FE05FB1E4474B1D2F815
:107A1000BC220A4914690020C1F8140224B101F5FE
:107A20000472D1F80812A047002038BDCCF81840E5
:107A30002346224601F012FA002038BDEC2C00202B
:107A4000F0B50B7883B0002713F060050C468DF875
:107A50000570ADF80670064624D0202D1AD1CD88C9
:107A6000002D3DD01B0655D5D0F8BC2249782B46B9
:107A700038469568304AA847E2882F49072A28BF28
:107A80000722304601F0A2F83D4608E090F89C320B
:107A9000032B4AD02146304601F062F803252846E0
:107AA00003B0F0BD4F780B2FF4D801A353F827F0A3
:107AB0008D7A00089F7A0008957A0008957A000868
:107AC000957A0008957A0008957A0008957A00085A
:107AD000957A0008957A0008017B0008F77A00087B
:107AE000D0F8BC222B46966828460A464978B0470B
:107AF000284603B0F0BD90F89C32032BCFD0C9E7E5
:107B000090F89C32032BC5D101220DF1050101F043
:107B10005DF8C4E70849637881F800322A4681F8A5
:107B2000015201F069F83D46B9E702220DF1060164
:107B300001F04CF83D46B2E7EC2C002070B5184D32
:107B4000184E2978044601F03DF92B78317803F07E
:107B50000F0303EB830304EB830300259D8420467E
:107B600001F030F93378104E03F00F0303EB830379
:107B700004EB83033178A3F86451204601F022F925
:107B80003378D4F8BC2203F00F0303EB830304EB38
:107B900083042846536865629847284670BD00BF35
:107BA000142F0020182F0020082F0020F8B5037C88
:107BB000374D0446002B4ED12978364E4FF40073D2
:107BC000022201F0EFF82B78334D03F00F0303EBA3
:107BD000830304EB8303012729789F844FF4007308
:107BE0000222204601F0DEF831782B7801F00F02F6
:107BF00003F00F0303EB830302EB820204EB830326
:107C000004EB82021020A3F86471D08408230322BD
:107C1000204601F0C7F83378D4F8BC2203F00F03F4
:107C200003EB830304EB8303012112689984002092
:107C300090471A4B0022C3F81422C3F81822227C62
:107C4000E2B9D3F8042229784FF40073204601F0FA
:107C500013F90020F8BD29780E4E4023022201F0CE
:107C6000A1F82B780C4D03F00F0303EB830304EB17
:107C7000830301279F8429784023B1E7D3F80422A6
:107C800029784023204601F0F7F80020F8BD00BF16
:107C9000142F0020082F0020182F0020EC2C00208B
:107CA0004B230380004870476802002019B1C0F8D8
:107CB000BC12002070470320704700BF05494FF4F5
:107CC000077C0CFB0010C0F80822C0F8103200201E
:107CD000704700BFEC2C0020044B4FF4077101FBF0
:107CE0000030C0F804220020704700BFEC2C0020B8
:107CF000104A4FF4077303FB002210B5D2F8144268
:107D00000CB1012010BD0123C2F814320A4B8C467D
:107D1000195CD2F81032D2F8082201F00F0000EB03
:107D200080000CEB80008361604601F097F82046EC
:107D300010BD00BFEC2C0020142F002008B50A7CD9
:107D40000B467AB90F4A10494FF4077C0CFB00220E
:107D5000095CD2F8042218464FF4007301F08CF845
:107D6000002008BD074A08494FF4077C0CFB00229D
:107D7000095CD2F804221846402301F07DF8002067
:107D800008BD00BFEC2C0020182F002010B4134CAD
:107D900080F846302370124B9DF804C083F800C071
:107DA000104B114C1970114BC172C17480F82B101B
:107DB0000F491A7080F823209DF80C3080F82C2091
:107DC00080F836209DF8082022700B705DF8044B77
:107DD00080F82FC0437680F83F207047142F002092
:107DE000082F00200C2F0020182F0020102F00201B
:107DF0001C2F002038B5064B1B6804460D469847DB
:107E0000044B29461B6820469847002038BD00BF18
:107E10002C020020A003002038B5064B5B68044606
:107E20000D469847044B29465B682046984700203A
:107E300038BD00BF2C020020A003002008B5024B73
:107E40001B699847002008BD2C02002000207047C5
:107E5000002070476423038000487047842F00206F
:107E60006423038000487047202F00200A230380EA
:107E70000048704748030020154B1B788B421DD3E8
:107E800030B5144B14461A7885B000238A42CDE9E8
:107E90000033CDE902330D4609D10F4A102168465F
:107EA00003F00CF80D492246684600F065FE0C4BC5
:107EB0001B78AB4204D0094805B030BD00207047A4
:107EC00006490848224600F057FE044805B030BD78
:107ED000520300201C2F002028BA0008E82F0020A1
:107EE0002930002038BA000810B5104A91F804C0B3
:107EF00092F800E0E6450B46024604D00C4C94F89C
:107F000000E0E64506D10B481946BDE810408368FD
:107F100010461847084B1B78634501D0032010BD5D
:107F2000064BBDE810409B68184700BF0C2F00208F
:107F3000102F00202C02002028300020A003002059
:107F40000E4B1A7802F07F0291420B46844605D010
:107F50000B4A127802F07F02914204D1094A194675
:107F6000604653691847084A127802F07F028A4235
:107F700001D003207047054B5B691847142F002080
:107F8000082F00202C02002053030020A003002013
:107F9000044B1B788B4202D1034B9B69184703208B
:107FA000704700BF182F00202C02002000207047CF
:107FB000002070476423038000487047842F00200E
:107FC0002DE9F0473A4F3B4CFB6ADFF8FCA086B046
:107FD0000026ADF816600DF1160098472378054687
:107FE0003146812200F092F905F10901BDF8162011
:107FF000314D093A05F1090002F04AFFBB6A0DF163
:10800000160098472378314681222C4E074600F00F
:108010007DF9BDF8162007F10901093A06F10900BA
:1080200002F036FF2378013323700DF11600DAF8E1
:108030002C3098470127237801974FF0830902934A
:1080400039468223CDF8009002228046FFF79EFE3B
:10805000BDF8162008F10901093A05F1220002F0E5
:1080600017FFDAF828300DF11600984723780293AD
:10807000CDE900973946822302220746FFF786FEA4
:10808000BDF8162007F10901093A06F1220002F0B5
:10809000FFFE23780A490B4A013323703223C6E9D5
:1080A0000012C5E9001233722B7206B0BDE8F087EA
:1080B000A003002052030020202F0020842F002046
:1080C00009026400030100C02C0200202223038067
:1080D00000487047DC0300202223038000487047DB
:1080E00000040020D0F8D4220023184613737047F0
:1080F0000A230380004870479403002030B5D0F86D
:10810000D43283B00022ADF80620002B59D00C7871
:1081100014F0600422D0202C05D000F021FD0324AF
:10812000204603B030BD4A78023A092AF5D801A4A6
:1081300054F822F0B7810008AB8100081B810008C9
:108140001B8100081B8100081B8100081B8100089F
:108150001B810008A1810008998100084D780B2D32
:10816000DBD801A252F825F0D9810008218100084E
:108170001B8100081B8100081B8100081B8100086F
:10818000EF8100081B8100081B8100081B8100088B
:108190000B820008CB8100088A781A600024BFE7B0
:1081A0004A88120A00245A60BAE70122194600F0F0
:1081B0000DFD0024B4E70122191D00F007FD002485
:1081C000AEE70324204603B030BD90F89C22032A7A
:1081D000A3D18A789A60A3E790F89C32032B9CD1B4
:1081E00002220DF1060100F0F1FC2C4698E74B88C5
:1081F0001B0A222B11D0212B8FD1CA880A49092AA8
:1082000028BF092200F0E2FC8AE790F89C22032AAA
:1082100083D1012203F10801F4E7CA8803493F2A08
:1082200028BF3F22EEE700BF2404002054030020B3
:1082300038B50A4D2978044600F0C4FD2B78D4F8EF
:10824000D41203F00F0303EB830304EB8303002238
:108250005A6209B1C4F8D422002038BD530300206B
:1082600070B5154E037C154D3178C0F8D4520446D4
:10827000C3B901F00F0303EB830300EB8303072271
:10828000DA8408230322204600F08CFD337803F0C3
:108290000F0303EB830304EB830400200123A38477
:1082A000287370BD01F00F0303EB830300EB83031E
:1082B0000A22DA84E5E700BF530300202C300020B7
:1082C0002223038000487047DC03002038B5D0F833
:1082D000D452ADB190F89C32032B02D0002420463A
:1082E00038BD2C7B002CF9D113460A4606494FF0C5
:1082F000010C097885F80CC000F0B0FD204638BDAF
:108300000324204638BD00BF5303002010B4064CA0
:108310004277C172437422700448054A0170137099
:108320005DF8044B704700BF530300202830002045
:108330002930002068B10023C0F8B832C0F81833E3
:1083400009B1C0F8B412012380F89C32027000F029
:10835000E1BC0320704700BF70B582B00026ADF8C5
:108360000660D1B1057CC0F8B812044655B1CD6A9B
:108370002DB10DF10600A8473546C4F8180328466C
:1083800002B070BD8B6A002BF9D00DF10600984742
:10839000C4F81803284602B070BD0325284602B071
:1083A00070BD00BF00F0F0BCD0F8B8320BB11B6854
:1083B00018470320704700BF08B5D0F8B8320BB19A
:1083C0005B689847002008BD38B5044600F2AA252E
:1083D000284600F0B9FB94F8AA12B4F8B022C4F809
:1083E00098220123C4F8943201F01F03012B09D015
:1083F000022B13D063B1204601F08001BDE8384064
:1084000000F0EEBC29462046BDE8384000F0D2BA64
:1084100029462046BDE8384000F022B929462046CA
:10842000BDE8384000F0F6BA10B5044631B913463D
:10843000D0F89422032A0DD0002010BD90F89C3271
:10844000032BF9D1D0F8B8329B69002BF4D0BDE8EA
:1084500010401847D0E95712914208D890F89C3242
:10846000032B0ED0204600F0DDFB002010BD891A42
:108470008A4228BF0A46C0F85C11194600F0CAFBC0
:10848000DAE7D0F8B8321B69002BEBD09847E9E760
:1084900070B5044651B91346D0F89422022A11D07F
:1084A00094F8A032012B22D0002070BD90F89C32AD
:1084B000032BF9D1D0F8B8325B69002BF4D0BDE8BA
:1084C00070401847D0E90726B2420D4614D81FD095
:1084D00094F89C32032B28D08021204600F080FCA9
:1084E000204600F0ABFB94F8A032012BDCD1002336
:1084F00084F8A032002070BD921BC261194600F0C2
:1085000073FB2B462A462946204600F0B5FCC7E7F8
:1085100083699A42DCD8D0F898229342D8D20A468E
:1085200000F062FBC4F89852EBE7D4F8B832DB688D
:10853000002BD1D020469847CEE700BFD0F8B83204
:108540000021012280F89C224160C0F89412C0F8FA
:10855000A412D3B15B6870B5044603B198474025B7
:10856000002211462B460126204600F01BFCA4F8F1
:108570006461C4F860512B4600228021204600F03F
:1085800011FCA6842562002070BD0320704700BF47
:1085900001740020704700BF90F89C22034604211C
:1085A000D2B283F89D22002083F89C12704700BF4E
:1085B00090F89C32042B04D190F89D32DBB280F805
:1085C0009C320020704700BFD0F8B8225AB108B5DD
:1085D00090F89C32032B01D0002008BDD36923B151
:1085E0009847002008BD03207047184608BD00BF0B
:1085F000D0F8B8225AB108B590F89C32032B01D0BC
:10860000002008BD136A23B19847002008BD03204D
:108610007047184608BD00BFD0F8B8225AB108B557
:1086200090F89C32032B01D0002008BD536A23B17F
:108630009847002008BD03207047184608BD00BFBA
:1086400000207047D0F8B822012180F89C122AB18E
:1086500008B5526801799047002008BD0020704796
:10866000F0B50C7804F06004202C83B00E4605466B
:108670000ED0402C0CD0A4B18021284600F0B0FBD5
:108680000021284600F0ACFB0024204603B0F0BDDA
:10869000D5F8B8329B683146284603B0BDE8F040B3
:1086A00018474F78092FE7D801A353F827F000BFE8
:1086B000118700083F870008798600085D87000859
:1086C00079860008658700089D870008798600087C
:1086D000B9870008D98600088E78B04F012E3E7009
:1086E00000F2398190F89C32022BDAB200F021813D
:1086F000032A00F0FB80802100F072FB0021284655
:1087000000F06EFB39782846FFF756FE0324BCE7DD
:1087100090F89C32013B022B66D8CB88022B63D1A8
:10872000D0F8A4320122C2600BB10323C36002223D
:1087300005F10C01284600F049FA3C46A5E790F8FF
:108740009C32013B022B4FD84B88012B9DD100233B
:10875000C5F8A432284600F065FA96E74B88012B4D
:1087600093D1F5E78B88002B3ED1CB88002B3BD1F2
:108770004E887F2E38D890F89C32032B34D0F1B23B
:1087800080F89E1200F05CFB284600F04BFA002EA9
:1087900000F0FF80022385F89C3276E74A880023A8
:1087A000ADF80630130A013B062B1DD8DFE803F0B5
:1087B0006D604D1C1C432700CA88012A14D190F813
:1087C0009C120229CBB200F28A80002B3FF454AFF6
:1087D0000146002341F8083F00F0F8F955E7D0F8CA
:1087E000B4325B68002B5DD18021284600F0F8FA96
:1087F0000021284600F0F4FA204603B0F0BD037CC7
:10880000002BF1D1D0F8B8320DF106001B6B984760
:1088100007234370F288002A9CD0BDF80630002B55
:10882000E2D09A4228BF1A4601462846ADF80620F3
:1088300000F0CCF929E7037C002BD5D1D0F8B83271
:108840000DF106005B6B9847E4E7D1B2052900F211
:10885000A78001A353F821F0DF870008D388000820
:10886000C7880008AF8800089B880008BB880008FC
:10887000037C002B40F08480D0F8B8320DF1060064
:108880009B6A984702234370C4E7D0F8B432007C57
:108890001B680DF106019847BCE7D0F8B4325B695C
:1088A000002BA1D0287C0DF106019847B2E7D0F843
:1088B000B4321B69002BF5D196E7D0F8B4329B692E
:1088C000002BEFD190E7D0F8B432DB68002BE9D170
:1088D0008AE7D0F8B4329B68002BE3D184E7032BFE
:1088E0007FF4CAAE011D00F071F9CEE6002E3BD038
:1088F000416801293FF42EAFC9B2FFF75DFD397819
:1089000069602846FFF750FD064600283FF422AF75
:108910008021284600F064FA0021284600F060FA21
:1089200029792846FFF748FD022385F89C32344612
:10893000ABE6002E3FF40EAF01214160FFF734FD9E
:10894000044600287FF450AF284600F06BF903235B
:1089500085F89C3299E6802100F042FA00212846F1
:1089600000F03EFA032490E60223314680F89C3260
:108970004660FFF721FD284600F054F9344684E6AE
:10898000D0F8B8320DF10600DB6A98470223437035
:1089900040E7012385F89C3277E600BF3C30002099
:1089A000D0F8B8329B6B002B3FF41EAF0DF10602DE
:1089B00098472FE738B50B7803F06002402A0D4640
:1089C00004460BD05B0609D5802100F009FA00218E
:1089D000204600F005FA0025284638BD94F89C3260
:1089E000013B022B12D82B790F2B0FD8D4F8B832B9
:1089F00029469B6820469847EB880546002BEBD11B
:108A00000028E9D1204600F00DF9E5E78021204655
:108A1000DBE700BF70B50B7803F06003202B0D4639
:108A200004461BD0402B19D003B38021204600F010
:108A3000D7F90021204600F0D3F9002070BD90F84E
:108A40009C32022BDAB253D0032AEED16B88002B72
:108A5000F3D14E066FD1204600F0E4F8D4F8B832D6
:108A6000294620469B68BDE8704018476B788A8885
:108A7000012BD1B2E3D0032B29D0002BD5D190F814
:108A80009C32022BD8B23CD00328CED101F00F0388
:108A900003EB8303120604EB830341D4B3F8643180
:108AA000002BC2D001F07F03142505FB034505F51B
:108AB000AA752BB1204600F0AFF900283ED0012363
:108AC0002B6002222946204600F080F8B5E790F896
:108AD0009C32022BDAB20BD0032AA6D16B881BB9C9
:108AE0004A0601D0EB885BB3204600F09BF8A4E770
:108AF0004B069AD000F074F98021204600F070F9FE
:108B00009BE7480691D111064CBF04F1140104F50E
:108B1000AA7100230B600222204600F057F88CE770
:108B20009B8C002B81D001F07F035D1C05EB85053C
:108B300004EB8505BDE700F061F98CE72860C0E72C
:108B400000F04EF9D0E700BF0B7803704B7843700C
:108B50004B8843808B888380CB88C380704700BF5D
:108B600010B58021044600F03BF920460021BDE805
:108B7000104000F035B900BF18B3037830B40BB320
:108B80000446C0F1010C04EB0C0314F8015FDBB2E6
:108B9000002DF8D101335B00DCB2138003230C708D
:108BA0004B7004785CB1022300255A1CD2B2CC541D
:108BB0008D5410F8014F0233DBB2002CF5D130BCDC
:108BC0007047704702242346E7E700BF08B5134605
:108BD0000A460221C0E90633C0F89412002100F0D1
:108BE0003DF9002008BD00BF08B513460A46002124
:108BF00000F034F9002008BD08B513460A460321E9
:108C0000C0E95633C0F89412002100F035F9002075
:108C100008BD00BF08B513460A46002100F02CF934
:108C2000002008BD08B504210023C0F894121A469C
:108C3000194600F013F9002008BD00BF08B5052152
:108C40000023C0F894121A46194600F015F90020C6
:108C500008BD00BF00F2C441D0F80805FFF7B4BB5F
:108C600001EBC10300EB8303D0F80805D3F88C2295
:108C7000FFF7DABB01EBC10300EB8303D0F8080573
:108C8000DA6CFFF705BC00BFD0F80805FFF79CBC05
:108C9000C168022910B504460ED049B9D4F80805B8
:108CA000FFF776FCD4F80805BDE81040FFF746BC96
:108CB000F9F796F80121F1E70121EFE710B5044635
:108CC000D0F80805FFF768FC2268D2F8003E43F0B0
:108CD0000103C2F8003E236A23B1034A136943F03B
:108CE0000603136110BD00BF00ED00E0D0F80805D9
:108CF000FFF75EBCD0F80805FFF78EBCD0F808057A
:108D0000FFF776BCD0F80805FFF79ABCD0F8080545
:108D1000FFF798BC38B5174C174B236005780DB199
:108D2000002038BDC3F808058021C0F8103318466C
:108D3000FCF702FE294620681022FCF7D3FD0F4BFA
:108D400020681978102201F07F01FCF7CBFD0C4B55
:108D500020681978202201F07F01FCF7C3FD094B40
:108D600020681978102201F07F01FCF7BBFD00207C
:108D700038BD00BF403000203822002053030020BF
:108D8000142F0020082F002008B5D0F81003FBF79F
:108D9000A7FE032896BF024B0320185C08BD00BF46
:108DA0004CBA0008944608B51A46D0F8100363463A
:108DB000FCF756FC032896BF014B0320185C08BD46
:108DC0004CBA000808B5D0F81003FCF787FC03285C
:108DD00096BF024B0320185C08BD00BF4CBA0008C8
:108DE00008B5D0F81003FCF701FD032896BF024B2D
:108DF0000320185C08BD00BF4CBA000808B5D0F8C5
:108E00001003FCF737FD032896BF024B0320185CC4
:108E100008BD00BF4CBA00080A06D0F8103306D4CB
:108E200001EBC10103EB810191F87E02704701F073
:108E30007F0101EBC10103EB810191F83E00704716
:108E400008B5D0F81003FCF7F7FB032896BF024BD8
:108E50000320185C08BD00BF4CBA000808B5D0F864
:108E60001003FCF79BFC032896BF024B0320185C01
:108E700008BD00BF4CBA000808B5D0F81003FCF7D5
:108E80005BFC032896BF024B0320185C08BD00BFA3
:108E90004CBA0008D0F81003FCF776BC08B54FF0C8
:108EA000E0231B6901F0D0FA012800D108BDBDE81C
:108EB000084001F0DFBD00BFEFF305832BB9064B7F
:108EC000186828B901221A6070476FF005007047D2
:108ED0004FF0FF30704700BFA032002010B5EFF315
:108EE000058474B9084B1A68012A07D10749022280
:108EF000CC771A6001F078F8204610BD4FF0FF30B3
:108F000010BD6FF0050010BDA032002000ED00E0A4
:108F1000F0B587B0002415460594EFF30582EAB951
:108F200050B3F5B1AB695BBB18236A68D20723D491
:108F30006E694EB34FEA960CAC682F684CB3EA6882
:108F40005B2A19D92D69BDB1B6B1CDE901540093A1
:108F500062460B46394600F085FF0446204607B0BE
:108F6000F0BD8022182305AC009301940B462946DE
:108F700000F0B2FF01280AD00024204607B0F0BD5F
:108F80005C1E372CD1D9F7E74FF0800CD4E7059C55
:108F9000E4E7EE68002EE1D12D69002DDED11FFA45
:108FA0008CF23D46DFE700BF10B5EFF305842CB926
:108FB00000B910BD00F0C2FF204610BD6FF00500E3
:108FC00010BD00BF044B036010B48023034C0C6041
:108FD0005DF8044B13607047443200204430002099
:108FE000054B036010B44FF48073044C0C605DF8C3
:108FF000044B1360704700BFA4360020A432002049
:1090000000F108034FF0FF310022C0E90131C0E94F
:1090100003330260704700BF00230361704700BF45
:1090200043689A688A60026810B49C684B60013299
:10903000616099605DF8044B08610260704700BF91
:1090400030B40D686B1C10D000F108031C465B683F
:109050001A68AA42FAD902684B60013299608C60A2
:109060006160086130BC0260704704696368F2E7C0
:10907000036910B4D0E901125C688A6084425160CF
:1090800008BF5A601A685DF8044B0021013A01617B
:109090001A601868704700BF70B50446006CA66B74
:1090A00020B925684DB30136A66370BD154602464A
:1090B0007DB9606801F0ECFE6368226C1344A2681D
:1090C0006360934224BF2368636001362846A66329
:1090D00070BDE06801F0DCFE226CE36851429B1A2F
:1090E0002268E360934202D2A3680B44E360022D3E
:1090F00008D001360020A66370BDA06801F0B4F965
:10910000A560D0E7012E38BF01260020CCE700BFC4
:1091100030B583B09DF8184040B94FF0500383F349
:109120001188BFF36F8FBFF34F8FFEE71D467BB1F2
:1091300002B3B1B150230193019B502B27D04FF0C4
:10914000500383F31188BFF36F8FBFF34F8FFEE798
:109150004FF0500383F31188BFF36F8FBFF34F8F2E
:10916000FEE74FF0500383F31188BFF36F8FBFF317
:109170004F8FFEE7002935D150220192019A502AE3
:10918000DDD1012285F84620019B2A4604E04FF0FC
:10919000010C019B85F846C0C5E90F012A6001F06A
:1091A00001FCD5E90F122868686002FB01F18A1AF8
:1091B0000144A96000210244A963FF2185F84410FD
:1091C000EA6085F8451005F11000FFF719FF05F179
:1091D0002400FFF715FF01F007FC284685F84C40F6
:1091E00003B030BD4FF0500383F31188BFF36F8F8E
:1091F000BFF34F8FFEE700BF2DE9F04385B001922A
:10920000002800F0A48088461F460446002900F08C
:109210009180022F0BD1E36B012B08D04FF050034C
:1092200083F31188BFF36F8FBFF34F8FFEE701F019
:109230000BF90546002800F09380002504F1240670
:1092400001F0B0FBA26BE36B9A42C0F0EF80022FFB
:1092500000F0EC800198002800F00181002D00F062
:10926000E18001F0C1FB00F04DFF01F09BFB94F8A1
:109270004430FF2B04BF002384F8443094F8453079
:10928000FF2B04BF002384F8453001F0ADFB01A99A
:1092900002A801F08BF8002840F0E68001F082FB84
:1092A000A26BE36B9A4268D001F09EFB01F07AFB5F
:1092B00094F8452055B2002D04DC11E06A1ED3B2AB
:1092C00055B26BB1636A304653B101F01BF8002808
:1092D000F4D001F0B3F86A1ED3B255B2002BF1D12D
:1092E000FF2384F8453001F07FFB01F05BFB94F82D
:1092F000442055B2002D14DD04F1100903E06A1E6C
:10930000D3B255B26BB12369484653B100F0FAFFAE
:109310000028F4D001F092F86A1ED3B255B2002BA7
:10932000F1D1FF2384F8443001F05EFB00F0F2FE3F
:10933000012585E7036C002B3FF46BAF4FF0500322
:1093400083F31188BFF36F8FBFF34F8FFEE74FF0AA
:10935000500383F31188BFF36F8FBFF34F8FFEE786
:10936000019B002B3FF46AAF4FF0500383F3118849
:10937000BFF36F8FBFF34F8FFEE704F1100901F0C9
:1093800033FB0199484600F02FFF01F00BFB94F8E6
:1093900045305DB2002D04DC11E06B1EDAB25DB227
:1093A0006AB1636A304653B100F0ACFF0028F4D0D4
:1093B00001F044F86B1EDAB25DB2002AF1D1FF234E
:1093C00084F8453001F010FB01F0ECFA94F84430D9
:1093D0005DB2002D04DC11E06B1EDAB25DB26AB141
:1093E0002369484653B100F08DFF0028F4D001F006
:1093F00025F86B1EDAB25DB2002AF1D1FF2384F8A2
:10940000443001F0F1FA00F085FE002890D14FF0D1
:10941000E0234FF08052C3F8042DBFF34F8FBFF30A
:109420006F8F85E702A800F0B5FF1AE73A4641467C
:109430002046FFF731FE636A002B53D148B14FF04D
:10944000E0234FF08052C3F8042DBFF34F8FBFF3DA
:109450006F8F01F0C9FA012005B0BDE8F0830090DC
:1094600001F0C2FA0098F7E701F09CFA94F8453051
:109470005DB2002D10DD04F1240603E06B1EDAB2AC
:109480005DB24AB1636A304633B100F03BFF002859
:10949000F4D000F0D3FFF1E7FF2384F8453001F06A
:1094A000A3FA01F07FFA94F844305DB2002D10DD8C
:1094B00004F1100603E06B1EDAB25DB24AB1236913
:1094C000304633B100F01EFF0028F4D000F0B6FFA4
:1094D000F1E7FF2384F8443001F086FA00F01AFE29
:1094E0000020B9E704F1240000F00CFF0028B0D000
:1094F000A5E700BF2DE9F04385B00192002800F0F8
:109500005F810F460446002900F0948000F09CFF24
:10951000002800F09C8001F045FAA56B002D72D167
:10952000019B002B00F0F18002A800F033FFA84659
:1095300004F1240601F058FA00F0E4FD01F032FADB
:1095400094F84430FF2B08BF84F8448094F84530E9
:10955000FF2B08BF84F8458001F046FA01A902A854
:1095600000F024FF00287FD101F01CFAA36B002B30
:1095700000F0D18001F038FA01F014FA94F8453087
:109580005DB2002D04DC11E06B1EDAB25DB26AB18F
:10959000636A304653B100F0B5FE0028F4D000F005
:1095A0004DFF6B1EDAB25DB2002AF1D1FF2384F8C1
:1095B000453001F019FA01F0F5F994F844305DB244
:1095C000002D14DD04F1100903E06B1EDAB25DB268
:1095D0006AB12369484653B100F094FE0028F4D0E4
:1095E00000F02CFF6B1EDAB25DB2002AF1D1FF232E
:1095F00084F8443001F0F8F900F08CFD01F0D2F964
:10960000A56B002D7DD0226C52B1E168A368114496
:109610009942E16024BF2168E160384601F038FCDE
:10962000013DA5632369002B40F0D38001F0DCF9F4
:1096300001206DE0036C002B3FF468AF4FF0500346
:1096400083F31188BFF36F8FBFF34F8FFEE7019B4A
:10965000002B3FF460AF4FF0500383F31188BFF34A
:109660006F8FBFF34F8FFEE701F09CF994F8453000
:109670005DB2002D04DC11E06B1EDAB25DB26AB19E
:10968000636A304653B100F03DFE0028F4D000F08C
:10969000D5FE6B1EDAB25DB2002AF1D1FF2384F849
:1096A000453001F0A1F901F07DF994F844305DB244
:1096B000002D14DD04F1100903E06B1EDAB25DB277
:1096C0006AB12369484653B100F01CFE0028F4D06B
:1096D00000F0B4FE6B1EDAB25DB2002AF1D1FF23B6
:1096E00084F8443001F080F900F014FD01F05AF9DB
:1096F000A36B53B101F078F901F054F9A56B002D7B
:1097000081D1019B002B7FF415AF01F06DF9002092
:1097100005B0BDE8F08301F067F90199304600F02B
:1097200063FD01F03FF994F845305DB2002D04DC93
:1097300011E06B1EDAB25DB26AB1636A304653B1B2
:1097400000F0E0FD0028F4D000F078FE6B1EDAB2E5
:109750005DB2002AF1D1FF2384F8453001F044F9CD
:1097600001F020F994F844305DB2002D14DD04F1CD
:10977000100903E06B1EDAB25DB26AB12369484694
:1097800053B100F0BFFD0028F4D000F057FE6B1E6F
:10979000DAB25DB2002AF1D1FF2384F8443001F03F
:1097A00023F900F0B7FC0028A6D14FF0E0234FF0DA
:1097B0008052C3F8042DBFF34F8FBFF36F8F9BE729
:1097C0004FF0500383F31188BFF36F8FBFF34F8FB8
:1097D000FEE704F1100000F095FD00283FF426AFED
:1097E0004FF0E0234FF08052C3F8042DBFF34F8FAA
:1097F000BFF36F8F1AE700BF124B1A687AB19A68ED
:1098000062B11A6992B19A6992B11A6A92B19A6A6E
:1098100092B11A6B92B19A6B92B17047012203EB2D
:10982000C20C43F83210CCF8040070470222F6E76D
:109830000322F4E70422F2E70522F0E70622EEE72E
:109840000722ECE70037002070B505460E461446A7
:1098500001F0A8F895F84430FF2B04BF002385F8E9
:10986000443095F84530FF2B04BF002385F8453080
:1098700001F0BAF8AB6B002B43D001F093F895F8E8
:1098800045305CB2002C14DD05F1240603E0631EB4
:10989000DAB25CB26AB16B6A304653B100F032FDA5
:1098A0000028F4D000F0CAFD631EDAB25CB2002AD0
:1098B000F1D1FF2385F8453001F096F801F072F8F8
:1098C00095F844305CB2002C14DD05F1100603E07D
:1098D000631EDAB25CB26AB12B69304653B100F054
:1098E00011FD0028F4D000F0A9FD631EDAB25CB2CD
:1098F000002AF1D1FF2385F84430BDE8704001F023
:1099000073B82246314605F1240000F0B1FCB4E7FB
:109910002DE9F843054601F045F8344A344E136802
:10992000013313603368002B32D0324C23683BB3D1
:10993000E86A314F314A32491368013313606B646E
:109940000B68834238BF086000EB800007EB8000A3
:10995000291DFFF765FB01F047F8236873B13268F2
:10996000EB6AD26A9A4209D24FF0E0234FF080525C
:10997000C3F8042DBFF34F8FBFF36F8FBDE8F8839B
:109980003368E86ADB6A1C4F834298BF3560D1E7D1
:1099900035601368012B03D0E86A174F154CC9E7EF
:1099A000154F3C4607F58C6820461434FFF728FB1A
:1099B000A045F9D1DFF86090DFF860800D4C484693
:1099C000FFF71EFB4046FFF71BFB0E48FFF718FB97
:1099D0000D48FFF715FB0D48FFF712FB0C4BE86A2B
:1099E000C3F800900B4BC3F80080A3E7AC3B00200A
:1099F00040370020083C00204C370020B83B0020B6
:109A0000BC3B0020F43B0020203C00200C3C00200C
:109A10004437002048370020C03B0020D43B0020C2
:109A20002DE9F0470A9CDDF824804FEA82094A4676
:109A300006460D46206BA5211F4601F037FA236B21
:109A4000A9F10409994429F00709002D7DD02B784C
:109A500084F834302B78002B4DD06B7884F8353077
:109A60006B78002B47D0AB7884F83630AB78002B7E
:109A700041D0EB7884F83730EB78002B3BD02B7952
:109A800084F838302B79002B35D06B7984F8393055
:109A90006B79002B2FD0AB7984F83A30AB7953B384
:109AA000EB7984F83B30EB792BB32B7A84F83C309C
:109AB0002B7A03B36B7A84F83D306B7ADBB1AB7AE7
:109AC00084F83E30AB7AB3B1EB7A84F83F30EB7A6E
:109AD0008BB12B7B84F840302B7B63B16B7B84F89C
:109AE00041306B7B3BB1AB7B84F84230AB7B13B135
:109AF000EB7B84F84330002384F84330089D372DF6
:109B000028BF37254FF0000AE562E564201DC4F840
:109B100050A0FFF781FAC5F1380504F11800FFF7EE
:109B20007BFAC4F854A0A56184F858A0246164624B
:109B30003A463146484600F009FF2060B8F1000F70
:109B400001D0C8F80040BDE8F08784F83450D5E76C
:109B500080B5214C214E224D224F4FF0E0294FF08D
:109B60008058236853B300F01DFFF368D3F80CA0AE
:109B70000AF10400FFF77CFA2B68013B2B60236895
:109B8000013B236000F030FF9AF8593063B1012B9C
:109B90001ED0022BE5D04FF0500383F31188BFF3A2
:109BA0006F8FBFF34F8FFEE7DAF8300001F0E4F873
:109BB000504601F0E1F82368002BD4D13B68012B1B
:109BC000CFD9C9F8048DBFF34F8FBFF36F8FC8E7AC
:109BD000504601F0D1F8C4E7B03B0020203C002003
:109BE000AC3B00204C3700202DE9F04F474B1E685E
:109BF000013683B01E60002E40D0DFF824B1DBF8C0
:109C000000309E4247D3424FDFF818913B68DFF89F
:109C100018A11D68002D73D0DFF81081002522E007
:109C20000191FFF725FAA36A019904F1180013B115
:109C3000FFF71EFA0199E36AD8F8002003EB8300CE
:109C4000934209EB800088BFC8F80030FFF7E8F9BD
:109C5000DAF800203B68E16AD26A1B68914228BFAB
:109C60000125002B4CD03B68DB68DC686368211D54
:109C70009E420846D4D2CBF8003011E0244B1A683B
:109C800012680AB34FF0500383F31188BFF36F8F4C
:109C9000BFF34F8FFEE7DFF88C90DFF88CA0002534
:109CA000DAF800301B49DB6A03EB83039B0059F8A9
:109CB00003200B68022A28BF0125002B0CBF284671
:109CC000012003B0BDE8F08F134A186811681960CD
:109CD000124910600A6801320A601A68126832B9C3
:109CE000DFF83CB04FF0FF33CBF8003087E71B685C
:109CF000DFF82CB0DB68DB685B68CBF800307EE710
:109D00004FF0FF33CBF80030CAE700BF343C0020EF
:109D100044370020383C002048370020EC3B00202E
:109D2000E83B00204C37002040370020BC3B00209F
:109D30002DE9F04F414D83B000F034FE2B68013B1C
:109D40002B602B68002B61D13D4B1B68002B5DD035
:109D50003C4E3368002B6ED03B4FDFF8FC90DFF8B1
:109D6000FC80DFF8FCA0F368DC6804F1040B04F16C
:109D70001800FFF77DF95846FFF77AF9E36A3A6869
:109D800003EB83009342594609EB800088BF3B6098
:109D9000FFF746F9D8F80030E26ADB6A9A423DD311
:109DA0000123CAF800303368002BDCD1274B1A6836
:109DB0001268002A3AD01A68254BD268D2685268D5
:109DC0001A60244E346894B1012706E0FFF70CFFB7
:109DD00008B1CAF80070013C08D02B68002BF5D000
:109DE0003368013C03F101033360F6D13460DAF8E3
:109DF00000305BB14FF0E0234FF08052C3F8042DE8
:109E0000BFF34F8FBFF36F8F012000E00020019060
:109E100000F0EAFD019803B0BDE8F08F3368002B35
:109E2000A1D10A4B1A681268002AC4D1084B4FF01E
:109E3000FF321A60C5E7DFF828A0C2E7B43B002074
:109E4000AC3B0020F43B0020BC3B0020443700200A
:109E5000E83B0020F03B00204C370020403700203A
:109E6000383C002030B587B00B9CC4B10C9D6DB15F
:109E70005C250595059D5C2D1AD04FF0500383F3AA
:109E80001188BFF36F8FBFF34F8FFEE74FF0500382
:109E900083F31188BFF36F8FBFF34F8FFEE74FF04F
:109EA000500383F31188BFF36F8FBFF34F8FFEE72B
:109EB0000C9D2C63022485F8594004ACCDE9014582
:109EC0000A9C0094059CFFF7ABFD0C98FFF720FD62
:109ED000049807B030BD00BF2DE9F043074685B0B8
:109EE000900015468846994600F08EFED8B104468B
:109EF0005C2000F089FE0646D0B10463002486F899
:109F000059400D9C01940C9C02964B462A464146B2
:109F100038460094FFF784FD3046FFF7F9FC012036
:109F200005B0BDE8F0834FF0FF3005B0BDE8F08329
:109F3000204600F021FF4FF0FF30F1E7F8B550B9AF
:109F40004FF0E0234FF08052C3F8042DBFF34F8F42
:109F5000BFF36F8FF8BD1E4D2B6843B14FF0500318
:109F600083F31188BFF36F8FBFF34F8FFEE72B682A
:109F7000013304462B60174B174E1F6830680430BE
:109F8000FFF776F83368E4195C6010D3134B186858
:109F900031680431FFF754F82B68A3B94FF0500330
:109FA00083F31188BFF36F8FBFF34F8FFEE70C4B26
:109FB000186831680431FFF743F80A4B1A68944275
:109FC00038BF1C60E8E7FFF7B3FE0028B8D0F8BD43
:109FD000B43B0020343C00204037002048370020AC
:109FE00044370020E83B002070B584B06846002468
:109FF00002AA01A9CDE90044FEF7E4FF0198C8B127
:10A00000009D75B15C230393039A029E9A421AD075
:10A010004FF0500383F31188BFF36F8FBFF34F8F5F
:10A02000FEE74FF0500383F31188BFF36F8FBFF348
:10A030004F8FFEE74FF0500383F31188BFF36F8F0C
:10A04000BFF34F8FFEE7B6000223324685F8593042
:10A05000A5212863039B00F029FF2A6B244969632B
:10A06000331F281DC5E9134485F8384085F843405F
:10A07000EC62D618FEF7D0FF05F11800FEF7CCFF12
:10A0800026F0070638231B49AB6122466C652D611B
:10A090006D6285F85840304600F058FC286028462C
:10A0A000FFF736FC00F0B6FB01280CD0013001D0E0
:10A0B00004B070BD4FF0500383F31188BFF36F8F6E
:10A0C000BFF34F8FFEE74FF0500383F31188BFF3C8
:10A0D0006F8FBFF34F8F0849084A094B4FF0FF3588
:10A0E0000D6010601C6004B0BDE8704000F0ECBC76
:10A0F00049444C45519B0008E83B0020083C0020A7
:10A10000343C0020024A136801331360704700BFDB
:10A11000B43B0020064B1B6843B94FF0500383F358
:10A120001188BFF36F8FBFF34F8FFEE7FFF700BEBD
:10A13000B43B0020014B1868704700BF343C00203E
:10A14000054B1B680BB9FFF74FBD044A1368013379
:10A1500000201360704700BFB43B0020F03B00209C
:10A160001C4B1B681BB11C4B01221A6070471A4A1A
:10A170001A4910B41A4C1360236803EB830292004F
:10A1800098008A5842B9DBB1013B03EB8302980087
:10A1900051F82220002AF6D0C21801EB82000246B4
:10A1A0004168496841600832914208BF49680D4AD8
:10A1B00008BF4160C968116023605DF8044B7047B7
:10A1C0004FF0500383F31188BFF36F8FBFF34F8FAE
:10A1D000FEE700BFB43B0020383C00204C37002095
:10A1E000BC3B002040370020D0B170B51A4D0C4662
:10A1F00029681831FEF724FF184B1E6828680430C0
:10A20000FEF736FF631C14D02B68A4195C6017D3CB
:10A21000134B18682968BDE870400431FEF710BF81
:10A220004FF0500383F31188BFF36F8FBFF34F8F4D
:10A23000FEE729680B48BDE870400431FEF7F0BE28
:10A24000094B186829680431FEF7FAFE074B1A68B3
:10A25000944238BF1C6070BD40370020343C002061
:10A26000483700200C3C002044370020E83B002009
:10A2700030B370B51D4E0C46316815461831FEF7E7
:10A28000CFFE1B4B85B91D6830680430FEF7F0FE29
:10A29000336864195C601CD3164B18683168BDE8DC
:10A2A00070400431FEF7CCBE1B6830680430FEF706
:10A2B000DFFE31681048BDE870400431FEF7B0BEE3
:10A2C0004FF0500383F31188BFF36F8FBFF34F8FAD
:10A2D000FEE70A4B186831680431FEF7B1FE084BFF
:10A2E0001A68944238BF1C6070BD00BF4037002020
:10A2F000343C0020483700200C3C0020443700202C
:10A30000E83B002030B5C368DC6883B0002C2BD05C
:10A3100004F118052846FEF7ABFE184B1B687BB10D
:10A3200017482946FEF77CFE164BE26A1B68DB6A7B
:10A330009A4285BF144B01200020186003B030BD45
:10A34000211D08460191FEF793FE104AE36A10684A
:10A35000019983420E4888BF136003EB830300EB2F
:10A360008300FEF75DFEDFE74FF0500383F31188B3
:10A37000BFF36F8FBFF34F8FFEE700BFB43B0020EA
:10A38000F43B002040370020383C0020BC3B00203C
:10A390004C370020034A044B12681B68C0E90023B5
:10A3A000704700BFEC3B0020343C002028B3F0B5E0
:10A3B0000D4683B0C1B1044600F0F4FA2B681D4A83
:10A3C000581C116830D0DFF870C0D4E90060DCF8A8
:10A3D0000070BE421AD0884218D80120019000F0C7
:10A3E00003FB019803B0F0BD4FF0500383F31188D5
:10A3F000BFF36F8FBFF34F8FFEE74FF0500383F330
:10A400001188BFF36F8FBFF34F8FFEE7A1EB000EF4
:10A4100073450BD95B1ADCF80010126803442B60FB
:10A420000020C4E90012D9E70020D7E700232B6001
:10A430000120D3E7343C0020EC3B0020014B0122FB
:10A440001A607047383C0020054B1B6833B1054B40
:10A450001B68002B0CBF02200020704701207047B2
:10A46000083C0020B43B002018B310B51E4B1C68FC
:10A47000844282B008D04FF0500383F31188BFF3B9
:10A480006F8FBFF34F8FFEE7236D4BB1E16AE26C34
:10A49000013B9142236500D06BB1002002B010BD9A
:10A4A0004FF0500383F31188BFF36F8FBFF34F8FCB
:10A4B000FEE700207047211D08460191FEF7D8FDF8
:10A4C000E36C0A4AE362C3F13800A06110680199A5
:10A4D0008342074888BF136003EB830300EB8300CC
:10A4E000FEF79EFD0120D9E740370020BC3B00204D
:10A4F0004C3700202DE9F043224EDFF8909085B0D4
:10A500004FF000080DE0DB68DC681F68251D284659
:10A51000FEF7AEFD236A2046984794F828305B0783
:10A520000AD433681A68002AEDD1174A11683160DD
:10A53000136005B0BDE8F083A3693B449F42294600
:10A5400005D2306863602461FEF77AFDE9E7D9F847
:10A5500000306BB1CDE900870294FFF775FF00234F
:10A56000D9F800001A466946FEF746FE0028D8D101
:10A570004FF0500383F31188BFF36F8FBFF34F8FFA
:10A58000FEE700BF3C3C0020403C0020603D002036
:10A590002DE9F04F9B4E9C4D9C4C8BB04FF0E02929
:10A5A0004FF0805833681F68002F00F0A880DB68E8
:10A5B0001F68FFF7A7FDFFF7BDFD2A68904282469E
:10A5C000C0F0AE80B842286080F0B48000222068DD
:10A5D000A7EB0A01FFF738F9FFF79CFD28B9C9F886
:10A5E000048DBFF34F8FBFF36F8F2068002202A945
:10A5F000FEF780FF0028D5D0029B002B76DB049F5E
:10A600007B6913B1381DFEF733FDFFF793FD2B680F
:10A6100098428246C0F08B80029BC5F800A0092BAF
:10A62000E3D8DFE803F0050505533D5A0505533D22
:10A6300097F82830BA693F6143F0010387F8283062
:10A64000039B99182CBF012000205145796000F22E
:10A650008C80AAEB03039A4232D83B6A384698476B
:10A6600097F828305B07C0D5236883B10022BB6907
:10A670000692039A089713440793FFF7E5FE002319
:10A6800020681A4606A9FEF7B7FD0028ADD14FF0A5
:10A69000500383F31188BFF36F8FBFF34F8FFEE733
:10A6A00097F8283043F0010387F82830039BBB61FB
:10A6B000002B00F09D80534453457B603F615ED882
:10A6C000534B391D1868FEF7BBFC8EE797F828300E
:10A6D00023F0010387F8283087E797F828309A0796
:10A6E00052D523F0010387F828307EE7039BDDE98C
:10A6F00004019847029B002BFFF677AF7FE7FFF737
:10A7000001FDFFF717FD2A688242824608D8404BB8
:10A71000C5F800A01A681268B2FA82F2520956E728
:10A72000FFF7E8FEC5F800A0FFF7F4FC5DE7FFF7D0
:10A73000E1FE71E7FFF7EEFC3268D268D2F80CB0A8
:10A740000BF1040108460191FEF792FC9BF82800EA
:10A75000019910F0040F1BD120F001008BF82800A4
:10A76000DBF82030584698473FE7534502D9002888
:10A770003FF473AF3068391DFEF762FC35E730688F
:10A78000391DFEF75DFC30E7384600F0F5FA2CE79E
:10A79000DBF81820CBF810B0B8188245CBF80400CD
:10A7A00003D23068FEF74CFCDAE7AAEB07039A42C3
:10A7B00019D8236873B1002306930797CDF820B00A
:10A7C000FFF742FE002320681A4606A9FEF714FD93
:10A7D0000028C5D14FF0500383F31188BFF36F8F6A
:10A7E000BFF34F8FFEE70A4B1868FEF729FCB7E767
:10A7F0004FF0500383F31188BFF36F8FBFF34F8F78
:10A80000FEE700BF3C3C00200C3D0020603D0020E6
:10A81000403C0020F0B5234C89B000F0C3F8256817
:10A8200035B300F0E1F82368CBB1002407AA06A9EC
:10A8300005A8CDE90544FEF7D3FBDDE905010223B8
:10A84000CDE901100093079A174918482346FFF7EE
:10A8500009FB174B186010B1012009B0F0BD4FF093
:10A86000500383F31188BFF36F8FBFF34F8FFEE761
:10A87000104F114E3846FEF7C3FB3046FEF7C0FBC3
:10A880000E4A009517600E4A0E4B166010210E4AB4
:10A890000A20FEF73DFC20600028C2D00B49FEF7DD
:10A8A000ABFFBEE7603D002058BA000891A5000844
:10A8B000643D0020E43C0020F83C00203C3C0020AB
:10A8C000403C0020103D0020443C002050BA0008CD
:10A8D00008480068006880F308884FF0000080F3A3
:10A8E000148862B661B6BFF34F8FBFF36F8F00DF7E
:10A8F00000BF000008ED00E0DFF80C00016841F443
:10A90000700101607047000088ED00E00E4B1B688D
:10A9100082B000220133019208D04FF0500383F33C
:10A920001188BFF36F8FBFF34F8FFEE74FF05003D7
:10A9300083F31188BFF36F8FBFF34F8F019B002B01
:10A94000FCD002B0704700BF3004002010B44FF0BC
:10A950008073074C40F8043C21F001016FF00203C2
:10A9600040E9034140E909325DF8044B443870473F
:10A970000DA9000800000000000000000000000019
:10A98000074B19680868B0E8F04F80F30988BFF3F7
:10A990006F8F4FF0000080F311887047AFF3008095
:10A9A000403700204FF0500383F31188BFF36F8FBF
:10A9B000BFF34F8F0B4A13680133012B136000D094
:10A9C00070474FF0E023D3F8043DDBB2002BF7D003
:10A9D0004FF0500383F31188BFF36F8FBFF34F8F96
:10A9E000FEE700BF30040020084A136843B94FF067
:10A9F000500383F31188BFF36F8FBFF34F8FFEE7D0
:10AA0000013B13600BB983F31188704730040020B9
:10AA1000EFF30980BFF36F8F154B1A681EF0100F0C
:10AA200008BF20ED108A20E9F04F10602DE90900E1
:10AA30004FF0500080F31188BFF34F8FBFF36F8F3B
:10AA4000FFF78EFB4FF0000080F3118809BC1968F6
:10AA50000868B0E8F04F1EF0100F08BFB0EC108A85
:10AA600080F30988BFF36F8F704700BFAFF300809A
:10AA70004037002008B54FF0500383F31188BFF32F
:10AA80006F8FBFF34F8FFFF75BFB28B14FF0E023D1
:10AA90004FF08052C3F8042D002383F3118808BDC2
:10AAA0004FF0E02200230649136193610B680548CB
:10AAB000A0FB03039B090721013B53611161704710
:10AAC000BC010020D34D62104FF0E023484AD3F878
:10AAD000001D914241D0D3F8002D464B9A4233D00D
:10AAE00070B5454B454C1A78454884B0FF21D2B229
:10AAF000029219701B78DBB28DF807309DF8073091
:10AB00009DF8072003F0500307211206237001600F
:10AB100048BF06220FD59DF807305B00DBB28DF8E9
:10AB200007309DF807301B06114602F1FF32F2D4C0
:10AB300003291BD001604FF0500383F31188BFF34A
:10AB40006F8FBFF34F8FFEE74FF0500383F31188F1
:10AB5000BFF36F8FBFF34F8FFEE74FF0500383F3C8
:10AB60001188BFF36F8FBFF34F8FFEE7029B224A1E
:10AB7000244D4FF0E0244FF44071DBB201601370BC
:10AB8000D4F8203D43F47003C4F8203DD4F8203DB0
:10AB900043F07043C4F8203D0026FFF781FF2E608C
:10ABA000FFF7AAFED4F8343F43F04043C4F8343FE3
:10ABB000FFF78EFEFFF7D4FA2B680396013308D017
:10ABC0004FF0500383F31188BFF36F8FBFF34F8FA4
:10ABD000FEE74FF0500383F31188BFF36F8FBFF38D
:10ABE0004F8F039B002BFCD0002004B070BD00BF32
:10ABF00071C20F4170C20F4100E400E0683D0020C7
:10AC00006C3D0020300400202DE9F0410646FFF79E
:10AC100079FA524B1D68002D6ED0514B1F683E4291
:10AC20002ED16EB306F1080476071CBF24F007048A
:10AC300008342CB3DFF83CC1DCF80060A6421FD317
:10AC40004848036803E01A6822B118461346596859
:10AC5000A142F8D3AB4213D098460A1B58F808EB30
:10AC6000C0F800E0102A29D9191948070FD04FF071
:10AC7000500383F31188BFF36F8FBFF34F8FFEE74D
:10AC8000FFF748FA4FF000084046BDE8F0814A60FF
:10AC9000344A5C60144612689142FBD8606804EB49
:10ACA000000E71454AD0D1F804E001EB0E0082425B
:10ACB0004BD00A608C4218BF216059682A4A10683C
:10ACC000761A864238BF1660284ACCF800603943AD
:10ACD0000020C3E90001136801331360FFF71AFA7B
:10ACE00018F0070FD0D04FF0500383F31188BFF353
:10ACF0006F8FBFF34F8FFEE71D49194C4F0714BFED
:10AD0000CA1D0A4601F57051A1F1080525F0070595
:10AD100018BF22F0070214491D601046AB1A154AED
:10AD20000B60104913604FF00047002208604A6032
:10AD30002760C5E90022C0E9005370E7496800EBCD
:10AD4000010EC4F804E02146AFE7AA42B1D0506832
:10AD500012680A6070444860ACE700BF703D002094
:10AD600074790020887900207C7900208079002087
:10AD7000743D002078790020D0B12B4A50F8043C73
:10AD8000126813420BD050F8081C91B14FF05003D9
:10AD900083F31188BFF36F8FBFF34F8FFEE74FF040
:10ADA000500383F31188BFF36F8FBFF34F8FFEE71C
:10ADB000704710B523EA020382B040F8043C1B4CF4
:10ADC0000190FFF79FF90198226850F8041C184B76
:10ADD0000A44083822601A461B689842FBD8546817
:10ADE00002EB040E70451AD000EB010C63450CD049
:10ADF0000360824218BF10600E4A1368013313606B
:10AE000002B0BDE81040FFF785B90B4C2468A3429F
:10AE1000EED0D3E900342144C0E90031E9E7214410
:10AE200051601046E0E700BF747900207879002077
:10AE30008879002084790020703D0020014B18683B
:10AE4000704700BF3404002070B50D4D0D4C641BDD
:10AE5000A4100026A64209D10B4D0C4C00F0A2FC18
:10AE6000641BA4100026A64205D170BD55F8043B12
:10AE700098470136EEE755F8043B98470136F2E76C
:10AE80009CBA00089CBA00089CBA0008A0BA000846
:10AE90000A44914200F1FF3300D1704710B511F818
:10AEA000014B03F8014F9142F9D110BD0244034612
:10AEB000934200D1704703F8011BF9E70CB430B599
:10AEC000174B0C1E1D689DB008DA8B232B604FF0CA
:10AED000FF301DB0BDE8304002B070474FF4027340
:10AEE000ADF8143014BF04F1FF33234604930793E5
:10AEF0004FF6FF7302900690ADF81630209A21AB02
:10AF000002A92846019300F069F8431CBCBF8B23BB
:10AF10002B60002CDDD0029B00221A70D9E700BF05
:10AF2000340400202DE9F0478E689E4282460C468C
:10AF300090461F4638D88A8912F4906F32D025681F
:10AF40000969A5EB0109656905EB450505EBD575B3
:10AF500001334B446D109D4238BF1D46530531D51A
:10AF6000294600F055FB064650B90C23CAF80030BC
:10AF7000A38943F04003A3814FF0FF30BDE8F08781
:10AF800021694A46FFF784FFA38923F4906343F0C5
:10AF90008003A381266165614E44A5EB0905266007
:10AFA000A5603E46BE4200D93E4620683246414634
:10AFB00000F0A8FAA3689B1BA360236833442360B6
:10AFC0000020DBE72A4600F097FB06460028E1D187
:10AFD0002169504600F0B0FAC7E700002DE9F04FB4
:10AFE00098468B891B069DB007460D4614460ED524
:10AFF0000B6963B9402100F00BFB2860286120B980
:10B000000C233B604FF0FF30D1E040236B61002305
:10B01000099320238DF82930CDF80C803023DFF8F8
:10B02000A8818DF82A304FF0010923469A4613F87B
:10B03000012B0AB1252AF9D1BAEB040B0BD05B46E0
:10B04000224629463846FFF76DFF013000F0AA80FE
:10B05000099A5A4409929AF80030002B00F0A28015
:10B0600000234FF0FF32CDE905230AF1010A0493D2
:10B0700007938DF853301A935446052214F8011B98
:10B080005148F5F7ADF8049AD8B9D00644BF20234B
:10B090008DF85330110744BF2B238DF853309AF8A5
:10B0A00000302A2B15D0079A544600204FF00A0C86
:10B0B000214611F8013B303B092B4ED9B0B1079224
:10B0C00014E0A0EB080309FA03F313430493A24628
:10B0D000D2E7039B191D1B680391002BBBBF5B428A
:10B0E00042F0020207930793B8BF049223782E2BF5
:10B0F0000CD163782A2B35D1039B1A1D1B68039250
:10B10000002BB8BF4FF0FF3302340593DFF8C8A01F
:10B11000217803225046F5F763F840B14023A0EBB5
:10B120000A0003FA00F0049B03430134049314F86B
:10B13000011B26488DF828100622F5F751F8002843
:10B1400038D0234B1BBB039B073323F00703083383
:10B150000393099B3344099367E70CFB02320C46C7
:10B160000120A5E700230134059319464FF00A0C8E
:10B17000204610F8012B303A092A03D9002BC5D0FC
:10B180000591C3E70CFB012104460123F0E703AB63
:10B1900000932A460F4B04A93846AFF30080421CA7
:10B1A0000646D6D1AB895B063FF52CAF09981DB09A
:10B1B000BDE8F08F03AB00932A46064B04A938463E
:10B1C00000F07AF8EBE700BF60BA00086ABA00083E
:10B1D0000000000025AF000866BA00082DE9F0471E
:10B1E000164699468A680B69DDF820809342B8BFFD
:10B1F0001346336091F8432007460C460AB10133E9
:10B2000033602368990642BF336802333360256890
:10B2100015F0060506D104F1190AE36832689B1A95
:10B22000AB4226DC94F84320131E226818BF01238A
:10B2300092062BD404F1430249463846C0470130F8
:10B240001ED02368E568326803F00603042B08BFAC
:10B25000AD1AA36822690CBF25EAE5750025934263
:10B26000C4BF9B1AED1800261A34B5421AD100202B
:10B2700008E00123524649463846C047013003D111
:10B280004FF0FF30BDE8F0870135C6E7E1185A1CE2
:10B29000302081F84300224494F8451082F843108E
:10B2A0000233C7E70123224649463846C0470130EA
:10B2B000E6D00136D9E700002DE9FF470F7E0C9D4F
:10B2C000782F914680460C469A4601F1430207D8F2
:10B2D000622F0AD8002F00F0D880582F00F0A380EA
:10B2E00004F1420584F842703AE0A7F16303152B9C
:10B2F000F6D801A151F823F051B3000865B3000856
:10B30000E1B20008E1B20008E1B20008E1B20008D1
:10B3100065B30008E1B20008E1B20008E1B200083C
:10B32000E1B2000871B4000895B3000853B40008F6
:10B33000E1B20008E1B2000893B40008E1B20008ED
:10B3400095B30008E1B20008E1B200085BB4000860
:10B350002B681A1D1B682A6004F1420584F84230EC
:10B360000123A3E020682968060601F104030AD539
:10B370000E682B60002E03DA2D23764284F84330CA
:10B380005E480A2319E00E682B6010F0400F18BFCA
:10B3900036B2EFE72B682068191D2960010601D538
:10B3A0001E6802E04606FBD51E8854486F2F0CBF6E
:10B3B00008230A23002184F843106568A560002D46
:10B3C000A2BF216821F0040121600EB9002D4DD0EB
:10B3D0001546B6FBF3F103FB1167C75D05F8017D68
:10B3E0003746BB420E46F4D9082B0BD12368DE0743
:10B3F00008D5236961689942DEBF302305F8013C16
:10B4000005F1FF35521B2261CDF800A04B4603AA7F
:10B4100021464046FFF7E2FE01304CD14FF0FF30AD
:10B4200004B0BDE8F087354881F845702968236885
:10B4300051F8046B29601D0614D5DF0744BF43F0A3
:10B44000200323601EB9236823F020032360102308
:10B45000B0E7236843F0200323607823284884F86A
:10B460004530E3E7590648BFB6B2E6E71546BBE705
:10B470002B6826686169181D286035061B6801D590
:10B48000196002E07006FBD5198000232361154680
:10B49000BAE72B681A1D2A601D68626800212846D9
:10B4A000F4F79EFE08B1401B6060636823610023CF
:10B4B00084F84330A8E723692A4649464046D047E6
:10B4C0000130ABD023689B0713D4E068039B9842FC
:10B4D000B8BF1846A4E70123324649464046D04744
:10B4E00001309BD00135E36803995B1AAB42F2DC73
:10B4F000EBE7002504F11906F5E700BF71BA000873
:10B5000082BA0008884210B501EB020402D98442D5
:10B51000234607D8431EA14208D011F8012B03F897
:10B52000012FF8E7024401468A4200D110BD13F80A
:10B53000014D02F8014DF7E737B5002944D051F825
:10B54000043C0190002BA1F10404B8BFE41800F002
:10B5500013F91E4A0198136833B96360146003B08D
:10B56000BDE8304000F00EB9A34208D92568611942
:10B570008B4201BF19685B6849192160EDE71A46E3
:10B580005B680BB1A342FAD911685518A5420BD1DB
:10B59000246821445418A3421160E0D11C685B6800
:10B5A000536021441160DAE702D90C230360D6E727
:10B5B000256861198B4204BF19685B68636004BF2A
:10B5C000491921605460CAE703B030BD907900206A
:10B5D00070B50E4E0C463168054611B900F0BCF846
:10B5E00030602146284600F0B7F8431C0AD0C41C3E
:10B5F00024F00304A04207D0211A284600F0ACF83A
:10B60000013001D14FF0FF34204670BD9479002005
:10B610002DE9F041CD1C25F0030508350C2D38BF70
:10B620000C25002D074601DBA94205D90C233B6000
:10B6300000263046BDE8F0812E4E00F09DF83368BC
:10B640001C4634BB29463846FFF7C2FF431C04465C
:10B650004DD134682646002E40D123683146384605
:10B6600004EB030800F078F880453AD121680335EF
:10B670006D1A25F0030508350C2D38BF0C25294619
:10B680003846FFF7A5FF01302BD023682B442360F9
:10B690000EE02268521B1ED40B2A16D96119A34250
:10B6A000256018BF5960636808BF316062514B6004
:10B6B000384604F10B0600F065F826F00706231D56
:10B6C000F21AB6D09B1BA350B3E76268A3420CBF2B
:10B6D00032605A60ECE723466468B2E73446766825
:10B6E000B9E70C233B60384600F04CF8A1E7256031
:10B6F000DEE700BF907900202DE9F0418046144636
:10B700000E4621B9BDE8F0411146FFF781BF2AB9C5
:10B71000FFF712FF25462846BDE8F08100F038F813
:10B720008442074602D8B4EB500F12D82146404657
:10B73000FFF76EFF05460028EDD0BC422246314699
:10B7400028BF3A46FFF7A4FB31464046FFF7F4FE18
:10B75000E1E73546DFE7000038B5064D0023044633
:10B7600008462B60F6F7FEFB431C02D12B6803B1A1
:10B77000236038BD98790020014800F011B800BF5F
:10B780009C790020014800F00CB800BF9C79002093
:10B7900051F8043C181F002BBCBF0B58C018704751
:10B7A00070477047F8B500BFF8BC08BC9E467047AC
:0CB7B000F8B500BFF8BC08BC9E4670470E
:10B7BC00FF0121000000000000000000000000005C
:10B7CC00000000000000000000000000000000006D
:10B7DC0000000000E000000000000000000000007D
:10B7EC000000000101010101020202020203030335
:10B7FC0004040405050506060607070708080909D9
:10B80C00090A0A0B0B0C0C0D0D0E0E0F0F1010115C
:10B81C0011121313141415161617171819191A1BBD
:10B82C001B1C1D1D1E1F2020212223232425262600
:10B83C002728292A2A2B2C2D2E2E2F303132333427
:10B84C003535363738393A3B3C3D3E3F4041424333
:10B85C004445464748494A4B4C4D4E4F5051525324
:10B86C0054555758595A5B5C5D5E60616263646500
:10B87C006768696A6B6D6E6F7072737475777879BF
:10B88C007A7C7D7E80818283858687898A8B8D8E6A
:10B89C0090919294959698999B9C9E9FA0A2A3A5FB
:10B8AC00A6A8A9ABACAEAFB1B2B4B5B7B8BABBBD74
:10B8BC00BEC0C1C3C4C6C8C9CBCCCED0D1D3D4D6DC
:10B8CC00D8D9DBDDDEE0E1E3E5E7E8EAECEDEFF12A
:10B8DC00F2F4F6F8F9FBFDFF0405060708090A0B5C
:10B8EC000D0C0E0F030200011415171619181B1A54
:10B8FC001D1C1F1E121310115461736B3034000089
:10B90C005461736B303300005461736B3032000040
:10B91C0064656661756C745461736B0014B90008CE
:10B92C00000000000000000000000000000000000B
:10B93C0000020000080000000000000000000000F1
:10B94C000CB900080000000000000000000000001E
:10B95C0000000000000200000800000000000000D1
:10B96C000000000004B90008000000000000000006
:10B97C0000000000000000000002000008000000B1
:10B98C0000000000000000001CB9000800000000CE
:10B99C000000000000000000000000000002000099
:10B9AC001800000000000000000000000000000073
:10B9BC000000000001020304060708090000000053
:10B9CC0001020304000610160006101653544D69AC
:10B9DC0063726F656C656374726F6E69637300007C
:10B9EC0053544D333220434F4D504F5349544520FF
:10B9FC004445564943450000434F4E46494755522E
:10BA0C004154494F4E203000434F4D504F534954F1
:10BA1C004520494E544552464143450053544D33FD
:10BA2C0032204344432041434D25640053544D334D
:10BA3C003220555342204B4559424F41524400004D
:10BA4C0000030103546D725100000000546D72200C
:10BA5C0053766300232D302B2000686C4C006566F8
:10BA6C006745464700303132333435363738394143
:10BA7C004243444546003031323334353637383959
:08BA8C0061626364656600005D
:08BA94001C48FF7F01000000C7
:04BA9C00C5010008D8
:04BAA000A1010008F8
:10BAA400FF020000FFFF00FFFF00FFFF00FFFF0099
:10BAB400FFFF00FFFF00FFFF00FFFF00FFFF00FF8D
:10BAC400FF00FFFF00FFFF00FFFF00FFFF00FFFF7D
:10BAD40000FFFF00FFFF00FFFF00FFFF00FFFF006C
:10BAE400FFFF00FFFF00FFFF00FFFF00FFFF00FF5D
:10BAF400FF00FFFF00FFFF00FFFF00FFFF00FFFF4D
:10BB04000000000000000000000000000000000031
:10BB14000000000000000000000000000000000021
:10BB24000000000000000000000000000000000011
:10BB34000000000000000000000000000000000001
:10BB440000000000000000000000000000000000F1
:10BB540000000000000000000000000000000000E1
:10BB64000000000000000000A9660000FFFF0000C4
:10BB740000000000FFFFFFFF8080808080808080C5
:10BB840080808080808080800100000000000000B0
:10BB94000000008005000002000200000000000018
:10BBA400001E1E00001E1E000000010100FFFFFF1A
:10BBB400FFFFFFFFFF0000001000014800370100F5
:10BBC400000A000000000000000000000000000067
:10BBD4000000000000000000000000000000000061
:10BBE40000000000000000000000D9E2BABCBEC0A2
:10BBF400C2C4C6C8CACCCED0D2D4D6D8FF050100A0
:10BC0400000000000405060708090A0B0C0D0E0FBE
:10BC1400101112131415161718191A1B1C1D1E1FA8
:10BC240020212223FFFF0000FF1000F1FF0400FD8C
:10BC3400FC000000FFF0203135333330202020A0F9
:10BC44003036373132FDFE90000000000000000065
:10BC54000000000000000000660000000024F40062
:10BC64000100000010000000857600087D760008C1
:10BC7400A17600080D77000881760008BD770008DA
:10BC8400C9770008D5770008F177000845780008DF
:10BC94000D7800082978000812010002EF02014023
:10BCA400F1AFA452000201020301000004030904DD
:10BCB4001A03000000000000000000000000000063
:10BCC400000000000000000000000000AD7B000840
:10BCD4003D7B0008417A00080000000065790008F7
:10BCE400E1790008B97900080000000000000000B4
:10BCF40000000000A179000895790008A17C0008E3
:10BD0400AD7900080000000009024B00020100C0E8
:10BD140032080B00020202010009040000010202C1
:10BD2400010005240010010524010001042402027D
:10BD34000524060001070582030800100904010018
:10BD4400020A000000070501024000000705810205
:10BD54004000000009024B00020100C032080B0041
:10BD6400020202010009040000010202010005248C
:10BD74000010010524010001042402020524060028
:10BD8400010705820308001009040100020A0000EB
:10BD940000070501020002000705810200020000FD
:10BDA4000A0600020000004001000000F57D0008C2
:10BDB400197E0008E97E00084D7E00083D7E0008DB
:10BDC400417F0008917F0008B17F0008517E000880
:10BDD400AD7F0008557E0008617E0008B57F00082D
:10BDE4006D7E0008797E00080A060002EF02014019
:10BDF4000100068105010906A101050719E029E7EB
:10BE040015002501750195088102950175088103C6
:10BE14009505750105081901290591029501750318
:10BE2400910395287508150025FF05071900296554
:10BE34008100C0000A06000200000040010000006A
:10BE44006182000831820008FD80000800000000C3
:10BE540000000000E5800008000000000000000071
:10BE64000000000000000000D9800008CD80000818
:10BE7400C1820008F18000080000000009022200CD
:10BE8400010100E03209040000010301010009215D
:10BE940011010001223F000705810308000A000088
:10BEA40009022200010100E032090400000103013B
:10BEB4000100092111010001223F00070581030847
:10BEC40000070000092111010001223F00000000C9
:10BED400AAAAAAAA3804002000000000000000005A
:10BEE400000000000000000000000000000000004E
:10BEF400000000000000000000000000000000003E
:10BF0400000000000000000000000000000000002D
:10BF1400000000000000000000000000000000001D
:10BF2400000000000000000000000000000000000D
:08BF3400000000000000000005
:04000005080024319A
:00000001FF
